arivaID,country,exchangeID,file_urls,files,foundingyear,industry,isin,listingdate,sector,security_name,stocktype,ticker
112124302,Deutschland,131,http://www.ariva.de/quote/historic/historic.csv?secu=112124302&boerse_id=131&clean_split=1&clean_payout=1&clean_bezug=1&min_time=2000-01-01&max_time=2019-07-12&trenner=%3B&go=Download,"[{'url': 'http://www.ariva.de/quote/historic/historic.csv?secu=112124302&boerse_id=131&clean_split=1&clean_payout=1&clean_bezug=1&min_time=2000-01-01&max_time=2019-07-12&trenner=%3B&go=Download', 'path': 'isin_DE000A1TNV91.csv', 'checksum': '7878106274f77c037229b01d67512e84'}]",2008,Beteiligungen,DE000A1TNV91,-,Finanzsektor,bitcoin_group-aktie,Inlandsaktie,ADE
96,Deutschland,6,http://www.ariva.de/quote/historic/historic.csv?secu=96&boerse_id=6&clean_split=1&clean_payout=1&clean_bezug=1&min_time=2000-01-01&max_time=2019-07-12&trenner=%3B&go=Download,"[{'url': 'http://www.ariva.de/quote/historic/historic.csv?secu=96&boerse_id=6&clean_split=1&clean_payout=1&clean_bezug=1&min_time=2000-01-01&max_time=2019-07-12&trenner=%3B&go=Download', 'path': 'isin_DE000A1K0300.csv', 'checksum': '9d6df8fe0562e9c737af810fe0521163'}]",1998,Elektrotechnologie,DE000A1K0300,-,Technologie,euromicron-aktie,Inlandsaktie,EUCA
1370,Deutschland,6,http://www.ariva.de/quote/historic/historic.csv?secu=1370&boerse_id=6&clean_split=1&clean_payout=1&clean_bezug=1&min_time=2000-01-01&max_time=2019-07-12&trenner=%3B&go=Download,"[{'url': 'http://www.ariva.de/quote/historic/historic.csv?secu=1370&boerse_id=6&clean_split=1&clean_payout=1&clean_bezug=1&min_time=2000-01-01&max_time=2019-07-12&trenner=%3B&go=Download', 'path': 'isin_DE0005408884.csv', 'checksum': '9d5707b84ece016b846df73bf86c275c'}]",1917,Sonstige Technologie,DE0005408884,01.01.1923,Technologie,leoni-aktie,Inlandsaktie,LEO
100348179,Schweiz,123,http://www.ariva.de/quote/historic/historic.csv?secu=100348179&boerse_id=123&clean_split=1&clean_payout=1&clean_bezug=1&min_time=2000-01-01&max_time=2019-07-12&trenner=%3B&go=Download,"[{'url': 'http://www.ariva.de/quote/historic/historic.csv?secu=100348179&boerse_id=123&clean_split=1&clean_payout=1&clean_bezug=1&min_time=2000-01-01&max_time=2019-07-12&trenner=%3B&go=Download', 'path': 'isin_CH0033813293.csv', 'checksum': 'b26440f368883ab9297918da65622e40'}]",2000,-,CH0033813293,25.06.2018,-,art_-_fragrance_na-sf-20-aktie,Auslandsaktie,3AF
2116,Deutschland,6,http://www.ariva.de/quote/historic/historic.csv?secu=2116&boerse_id=6&clean_split=1&clean_payout=1&clean_bezug=1&min_time=2000-01-01&max_time=2019-07-12&trenner=%3B&go=Download,"[{'url': 'http://www.ariva.de/quote/historic/historic.csv?secu=2116&boerse_id=6&clean_split=1&clean_payout=1&clean_bezug=1&min_time=2000-01-01&max_time=2019-07-12&trenner=%3B&go=Download', 'path': 'isin_DE0006335003.csv', 'checksum': '2fab6f96dbe44e51e322021a02f6db44'}]",1951,Spezialmaschinenbau,DE0006335003,29.10.1984,Industrie,krones-aktie,Inlandsaktie,KRN
297,Deutschland,6,http://www.ariva.de/quote/historic/historic.csv?secu=297&boerse_id=6&clean_split=1&clean_payout=1&clean_bezug=1&min_time=2000-01-01&max_time=2019-07-12&trenner=%3B&go=Download,"[{'url': 'http://www.ariva.de/quote/historic/historic.csv?secu=297&boerse_id=6&clean_split=1&clean_payout=1&clean_bezug=1&min_time=2000-01-01&max_time=2019-07-12&trenner=%3B&go=Download', 'path': 'isin_DE0007100000.csv', 'checksum': '78aa1985337eb3dcd00190bad7880ba2'}]",1998,Automobilproduktion,DE0007100000,17.11.1998,Kraftfahrzeugindustrie,daimler-aktie,Inlandsaktie,DAI
134290750,Deutschland,6,http://www.ariva.de/quote/historic/historic.csv?secu=134290750&boerse_id=6&clean_split=1&clean_payout=1&clean_bezug=1&min_time=2000-01-01&max_time=2019-07-12&trenner=%3B&go=Download,"[{'url': 'http://www.ariva.de/quote/historic/historic.csv?secu=134290750&boerse_id=6&clean_split=1&clean_payout=1&clean_bezug=1&min_time=2000-01-01&max_time=2019-07-12&trenner=%3B&go=Download', 'path': 'isin_DE000A2E4SV8.csv', 'checksum': 'e1fda6b0e72b6ed0f638fe9104a363fc'}]",0,IT-Dienstleistungen,DE000A2E4SV8,-,Informationstechnologie,cyan-aktie,Inlandsaktie,CYR
129396941,Deutschland,6,http://www.ariva.de/quote/historic/historic.csv?secu=129396941&boerse_id=6&clean_split=1&clean_payout=1&clean_bezug=1&min_time=2000-01-01&max_time=2019-07-12&trenner=%3B&go=Download,"[{'url': 'http://www.ariva.de/quote/historic/historic.csv?secu=129396941&boerse_id=6&clean_split=1&clean_payout=1&clean_bezug=1&min_time=2000-01-01&max_time=2019-07-12&trenner=%3B&go=Download', 'path': 'isin_DE000A2DAM03.csv', 'checksum': '94e122c659bc8826b29e3a424a31b821'}]",1936,Maschinenbau,DE000A2DAM03,-,Industrie,aumann-aktie,Inlandsaktie,AAG
134418952,Schweiz,123,http://www.ariva.de/quote/historic/historic.csv?secu=134418952&boerse_id=123&clean_split=1&clean_payout=1&clean_bezug=1&min_time=2000-01-01&max_time=2019-07-12&trenner=%3B&go=Download,"[{'url': 'http://www.ariva.de/quote/historic/historic.csv?secu=134418952&boerse_id=123&clean_split=1&clean_payout=1&clean_bezug=1&min_time=2000-01-01&max_time=2019-07-12&trenner=%3B&go=Download', 'path': 'isin_CH0406705126.csv', 'checksum': '7f659110ae96f8b4fbeb28b9313c19ee'}]",1998,Sonstige Technologie,CH0406705126,22.03.2018,Technologie,sensirion_holding-aktie,Auslandsaktie,1Q3
111942885,Deutschland,6,http://www.ariva.de/quote/historic/historic.csv?secu=111942885&boerse_id=6&clean_split=1&clean_payout=1&clean_bezug=1&min_time=2000-01-01&max_time=2019-07-12&trenner=%3B&go=Download,"[{'url': 'http://www.ariva.de/quote/historic/historic.csv?secu=111942885&boerse_id=6&clean_split=1&clean_payout=1&clean_bezug=1&min_time=2000-01-01&max_time=2019-07-12&trenner=%3B&go=Download', 'path': 'isin_DE000LED4000.csv', 'checksum': 'a3088732da8d4b9715bd571f437301e6'}]",1919,Diversifizierte Industrieunternehmen,DE000LED4000,08.07.2013,Industrie,osram_licht-aktie,Inlandsaktie,OSR
2285,Deutschland,6,http://www.ariva.de/quote/historic/historic.csv?secu=2285&boerse_id=6&clean_split=1&clean_payout=1&clean_bezug=1&min_time=2000-01-01&max_time=2019-07-12&trenner=%3B&go=Download,"[{'url': 'http://www.ariva.de/quote/historic/historic.csv?secu=2285&boerse_id=6&clean_split=1&clean_payout=1&clean_bezug=1&min_time=2000-01-01&max_time=2019-07-12&trenner=%3B&go=Download', 'path': 'isin_DE0007507501.csv', 'checksum': 'd69726f27e829879ba515d6b9e3dd90e'}]",1999,Sonstige Kraftfahrzeugindustrie,DE0007507501,12.11.1997,Kraftfahrzeugindustrie,washtec-aktie,Inlandsaktie,WSU
2465,Deutschland,6,http://www.ariva.de/quote/historic/historic.csv?secu=2465&boerse_id=6&clean_split=1&clean_payout=1&clean_bezug=1&min_time=2000-01-01&max_time=2019-07-12&trenner=%3B&go=Download,"[{'url': 'http://www.ariva.de/quote/historic/historic.csv?secu=2465&boerse_id=6&clean_split=1&clean_payout=1&clean_bezug=1&min_time=2000-01-01&max_time=2019-07-12&trenner=%3B&go=Download', 'path': 'isin_DE000A1TNUT7.csv', 'checksum': '5294dffb0f1c6dfc9b18122c8a4e82d2'}]",1965,Holdings,DE000A1TNUT7,19.12.1085,Diverse,deutsche_beteiligungs_ag-aktie,Inlandsaktie,DBAN
117618219,Deutschland,6,http://www.ariva.de/quote/historic/historic.csv?secu=117618219&boerse_id=6&clean_split=1&clean_payout=1&clean_bezug=1&min_time=2000-01-01&max_time=2019-07-12&trenner=%3B&go=Download,"[{'url': 'http://www.ariva.de/quote/historic/historic.csv?secu=117618219&boerse_id=6&clean_split=1&clean_payout=1&clean_bezug=1&min_time=2000-01-01&max_time=2019-07-12&trenner=%3B&go=Download', 'path': 'isin_DE000A12B8Z4.csv', 'checksum': 'ce7b32b2cc3325b51c7cae69a47537b6'}]",0,Immobilien,DE000A12B8Z4,24.10.2014,Diverse,tlg_immobilien-aktie,Inlandsaktie,TLG
100156578,Schweiz,123,http://www.ariva.de/quote/historic/historic.csv?secu=100156578&boerse_id=123&clean_split=1&clean_payout=1&clean_bezug=1&min_time=2000-01-01&max_time=2019-07-12&trenner=%3B&go=Download,"[{'url': 'http://www.ariva.de/quote/historic/historic.csv?secu=100156578&boerse_id=123&clean_split=1&clean_payout=1&clean_bezug=1&min_time=2000-01-01&max_time=2019-07-12&trenner=%3B&go=Download', 'path': 'isin_CH0038285679.csv', 'checksum': '0cc03e77ec9e656cc5105aec9a9acc19'}]",,Touristik und Freizeit,CH0038285679,-,Medien/Entertainment/Freizeit,orascom_development_holding-aktie,Auslandsaktie,4O7
104873768,,131,http://www.ariva.de/quote/historic/historic.csv?secu=104873768&boerse_id=131&clean_split=1&clean_payout=1&clean_bezug=1&min_time=2000-01-01&max_time=2019-07-12&trenner=%3B&go=Download,"[{'url': 'http://www.ariva.de/quote/historic/historic.csv?secu=104873768&boerse_id=131&clean_split=1&clean_payout=1&clean_bezug=1&min_time=2000-01-01&max_time=2019-07-12&trenner=%3B&go=Download', 'path': 'isin_MT0000580101.csv', 'checksum': '2365a57fad49e7d7bb868df6e0e38bdd'}]",,,MT0000580101,,,blockescence-aktie,,
2126,Deutschland,6,http://www.ariva.de/quote/historic/historic.csv?secu=2126&boerse_id=6&clean_split=1&clean_payout=1&clean_bezug=1&min_time=2000-01-01&max_time=2019-07-12&trenner=%3B&go=Download,"[{'url': 'http://www.ariva.de/quote/historic/historic.csv?secu=2126&boerse_id=6&clean_split=1&clean_payout=1&clean_bezug=1&min_time=2000-01-01&max_time=2019-07-12&trenner=%3B&go=Download', 'path': 'isin_DE0005790430.csv', 'checksum': '2fb08a28f796e9e1548346ea0ba510a0'}]",1931,Chemie,DE0005790430,25.07.1986,Chemie/Pharma,fuchs_petrolub_vz-aktie,Inlandsaktie,FPE3
293,Deutschland,6,http://www.ariva.de/quote/historic/historic.csv?secu=293&boerse_id=6&clean_split=1&clean_payout=1&clean_bezug=1&min_time=2000-01-01&max_time=2019-07-12&trenner=%3B&go=Download,"[{'url': 'http://www.ariva.de/quote/historic/historic.csv?secu=293&boerse_id=6&clean_split=1&clean_payout=1&clean_bezug=1&min_time=2000-01-01&max_time=2019-07-12&trenner=%3B&go=Download', 'path': 'isin_DE000BASF111.csv', 'checksum': '7a3658d3508a3f52daa0d91225bebe40'}]",1865,Chemie,DE000BASF111,30.01.1952,Chemie/Pharma,basf-aktie,Inlandsaktie,BAS
34983,Schweiz,123,http://www.ariva.de/quote/historic/historic.csv?secu=34983&boerse_id=123&clean_split=1&clean_payout=1&clean_bezug=1&min_time=2000-01-01&max_time=2019-07-12&trenner=%3B&go=Download,"[{'url': 'http://www.ariva.de/quote/historic/historic.csv?secu=34983&boerse_id=123&clean_split=1&clean_payout=1&clean_bezug=1&min_time=2000-01-01&max_time=2019-07-12&trenner=%3B&go=Download', 'path': 'isin_CH0006089921.csv', 'checksum': '4dffe2ce70acd31e60bbaa39cf7aac20'}]",0,Beteiligungen,CH0006089921,18.01.1999,Finanzsektor,private_equity_holding-aktie,Auslandsaktie,PEQ
301,Deutschland,6,http://www.ariva.de/quote/historic/historic.csv?secu=301&boerse_id=6&clean_split=1&clean_payout=1&clean_bezug=1&min_time=2000-01-01&max_time=2019-07-12&trenner=%3B&go=Download,"[{'url': 'http://www.ariva.de/quote/historic/historic.csv?secu=301&boerse_id=6&clean_split=1&clean_payout=1&clean_bezug=1&min_time=2000-01-01&max_time=2019-07-12&trenner=%3B&go=Download', 'path': 'isin_DE0005140008.csv', 'checksum': 'd537e294032f8f853df2e5a0f36a82b8'}]",1870,Banken,DE0005140008,30.05.1870,Finanzsektor,deutsche_bank-aktie,Inlandsaktie,DBK
852262,Deutschland,6,http://www.ariva.de/quote/historic/historic.csv?secu=852262&boerse_id=6&clean_split=1&clean_payout=1&clean_bezug=1&min_time=2000-01-01&max_time=2019-07-12&trenner=%3B&go=Download,"[{'url': 'http://www.ariva.de/quote/historic/historic.csv?secu=852262&boerse_id=6&clean_split=1&clean_payout=1&clean_bezug=1&min_time=2000-01-01&max_time=2019-07-12&trenner=%3B&go=Download', 'path': 'isin_DE000A2GS609.csv', 'checksum': 'f861f58872d2533d0d3e615ffa4bac4e'}]",1998,Internetservice,DE000A2GS609,23.02.2006,Informationstechnologie,wallstreet_online-aktie,Inlandsaktie,WSO1
121485292,Deutschland,6,http://www.ariva.de/quote/historic/historic.csv?secu=121485292&boerse_id=6&clean_split=1&clean_payout=1&clean_bezug=1&min_time=2000-01-01&max_time=2019-07-12&trenner=%3B&go=Download,"[{'url': 'http://www.ariva.de/quote/historic/historic.csv?secu=121485292&boerse_id=6&clean_split=1&clean_payout=1&clean_bezug=1&min_time=2000-01-01&max_time=2019-07-12&trenner=%3B&go=Download', 'path': 'isin_DE000A1MMEV4.csv', 'checksum': 'efb5f5444d34b4a1fe32d9d4928d7d9e'}]",0,Beteiligungen,DE000A1MMEV4,11.11.2015,Finanzsektor,german_startups_group-aktie,Inlandsaktie,GSJ
102110472,Deutschland,6,http://www.ariva.de/quote/historic/historic.csv?secu=102110472&boerse_id=6&clean_split=1&clean_payout=1&clean_bezug=1&min_time=2000-01-01&max_time=2019-07-12&trenner=%3B&go=Download,"[{'url': 'http://www.ariva.de/quote/historic/historic.csv?secu=102110472&boerse_id=6&clean_split=1&clean_payout=1&clean_bezug=1&min_time=2000-01-01&max_time=2019-07-12&trenner=%3B&go=Download', 'path': 'isin_DE000FTG1111.csv', 'checksum': '23c8e1e97d6eb45ae6ed6d16ded6033c'}]",1999,Finanzdienstleistungen,DE000FTG1111,30.06.2009,Finanzsektor,fintech_group-aktie,Inlandsaktie,FTK
294,Deutschland,6,http://www.ariva.de/quote/historic/historic.csv?secu=294&boerse_id=6&clean_split=1&clean_payout=1&clean_bezug=1&min_time=2000-01-01&max_time=2019-07-12&trenner=%3B&go=Download,"[{'url': 'http://www.ariva.de/quote/historic/historic.csv?secu=294&boerse_id=6&clean_split=1&clean_payout=1&clean_bezug=1&min_time=2000-01-01&max_time=2019-07-12&trenner=%3B&go=Download', 'path': 'isin_DE0005190003.csv', 'checksum': '718a72aa7bd337e23498271a270b9c04'}]",1916,Automobilproduktion,DE0005190003,01.01.1926,Kraftfahrzeugindustrie,bmw-aktie,Inlandsaktie,BMW
135001715,Deutschland,131,http://www.ariva.de/quote/historic/historic.csv?secu=135001715&boerse_id=131&clean_split=1&clean_payout=1&clean_bezug=1&min_time=2000-01-01&max_time=2019-07-12&trenner=%3B&go=Download,"[{'url': 'http://www.ariva.de/quote/historic/historic.csv?secu=135001715&boerse_id=131&clean_split=1&clean_payout=1&clean_bezug=1&min_time=2000-01-01&max_time=2019-07-12&trenner=%3B&go=Download', 'path': 'isin_DE000A0N4N52.csv', 'checksum': 'b4dc23345075da108366d216af46512a'}]",2007,Telekomdienstleister,DE000A0N4N52,09.05.2018,Telekommunikation,nfon-aktie,Inlandsaktie,NFN
113312480,Deutschland,6,http://www.ariva.de/quote/historic/historic.csv?secu=113312480&boerse_id=6&clean_split=1&clean_payout=1&clean_bezug=1&min_time=2000-01-01&max_time=2019-07-12&trenner=%3B&go=Download,"[{'url': 'http://www.ariva.de/quote/historic/historic.csv?secu=113312480&boerse_id=6&clean_split=1&clean_payout=1&clean_bezug=1&min_time=2000-01-01&max_time=2019-07-12&trenner=%3B&go=Download', 'path': 'isin_DE000A1X3YY0.csv', 'checksum': 'e866f13daebf01a5f7e180ec0f3c762d'}]",1953,Printmedien (Zeitungen und Magazine),DE000A1X3YY0,08.10.2013,Medien/Entertainment/Freizeit,bastei_l%C3%BCbbe-aktie,Inlandsaktie,BST
296,Deutschland,6,http://www.ariva.de/quote/historic/historic.csv?secu=296&boerse_id=6&clean_split=1&clean_payout=1&clean_bezug=1&min_time=2000-01-01&max_time=2019-07-12&trenner=%3B&go=Download,"[{'url': 'http://www.ariva.de/quote/historic/historic.csv?secu=296&boerse_id=6&clean_split=1&clean_payout=1&clean_bezug=1&min_time=2000-01-01&max_time=2019-07-12&trenner=%3B&go=Download', 'path': 'isin_DE000CBK1001.csv', 'checksum': 'db8fdf450acae2f05173ca37fddf74f3'}]",1870,Banken,DE000CBK1001,26.01.1870,Finanzsektor,commerzbank-aktie,Inlandsaktie,CBK
142044463,,6,http://www.ariva.de/quote/historic/historic.csv?secu=142044463&boerse_id=6&clean_split=1&clean_payout=1&clean_bezug=1&min_time=2000-01-01&max_time=2019-07-12&trenner=%3B&go=Download,"[{'url': 'http://www.ariva.de/quote/historic/historic.csv?secu=142044463&boerse_id=6&clean_split=1&clean_payout=1&clean_bezug=1&min_time=2000-01-01&max_time=2019-07-12&trenner=%3B&go=Download', 'path': 'isin_DE000A2YPGM4.csv', 'checksum': 'ac23a30d17091be5df410710e460c9b0'}]",,,DE000A2YPGM4,,,curasan_ag_konv-aktie,,
134396935,Schweiz,123,http://www.ariva.de/quote/historic/historic.csv?secu=134396935&boerse_id=123&clean_split=1&clean_payout=1&clean_bezug=1&min_time=2000-01-01&max_time=2019-07-12&trenner=%3B&go=Download,"[{'url': 'http://www.ariva.de/quote/historic/historic.csv?secu=134396935&boerse_id=123&clean_split=1&clean_payout=1&clean_bezug=1&min_time=2000-01-01&max_time=2019-07-12&trenner=%3B&go=Download', 'path': 'isin_CH0404880129.csv', 'checksum': '9df116a1925da44cb1191f6e98197d24'}]",2004,Internetkommerz,CH0404880129,20.03.2018,Informationstechnologie,asmallworld-aktie,Auslandsaktie,1Q7
120004533,Deutschland,131,http://www.ariva.de/quote/historic/historic.csv?secu=120004533&boerse_id=131&clean_split=1&clean_payout=1&clean_bezug=1&min_time=2000-01-01&max_time=2019-07-12&trenner=%3B&go=Download,"[{'url': 'http://www.ariva.de/quote/historic/historic.csv?secu=120004533&boerse_id=131&clean_split=1&clean_payout=1&clean_bezug=1&min_time=2000-01-01&max_time=2019-07-12&trenner=%3B&go=Download', 'path': 'isin_DE000A0SMU87.csv', 'checksum': '5f5dc60c0932d96e30c02836a520a462'}]",0,Sonstige Technologie,DE000A0SMU87,-,Technologie,northern_bitcoin_ag-aktie,Inlandsaktie,NB2
168,Deutschland,6,http://www.ariva.de/quote/historic/historic.csv?secu=168&boerse_id=6&clean_split=1&clean_payout=1&clean_bezug=1&min_time=2000-01-01&max_time=2019-07-12&trenner=%3B&go=Download,"[{'url': 'http://www.ariva.de/quote/historic/historic.csv?secu=168&boerse_id=6&clean_split=1&clean_payout=1&clean_bezug=1&min_time=2000-01-01&max_time=2019-07-12&trenner=%3B&go=Download', 'path': 'isin_DE0006632003.csv', 'checksum': 'aeddf84ecf95c8777795c17642ec310a'}]",1992,Biotechnologie,DE0006632003,09.03.1999,Chemie/Pharma,morphosys-aktie,Inlandsaktie,MOR
141673021,,123,http://www.ariva.de/quote/historic/historic.csv?secu=141673021&boerse_id=123&clean_split=1&clean_payout=1&clean_bezug=1&min_time=2000-01-01&max_time=2019-07-12&trenner=%3B&go=Download,"[{'url': 'http://www.ariva.de/quote/historic/historic.csv?secu=141673021&boerse_id=123&clean_split=1&clean_payout=1&clean_bezug=1&min_time=2000-01-01&max_time=2019-07-12&trenner=%3B&go=Download', 'path': 'isin_CH0478634105.csv', 'checksum': '0f640b61917992ffc48cd602d747476e'}]",,,CH0478634105,,,aevis_n1-aktie,,
131835389,Deutschland,6,http://www.ariva.de/quote/historic/historic.csv?secu=131835389&boerse_id=6&clean_split=1&clean_payout=1&clean_bezug=1&min_time=2000-01-01&max_time=2019-07-12&trenner=%3B&go=Download,"[{'url': 'http://www.ariva.de/quote/historic/historic.csv?secu=131835389&boerse_id=6&clean_split=1&clean_payout=1&clean_bezug=1&min_time=2000-01-01&max_time=2019-07-12&trenner=%3B&go=Download', 'path': 'isin_DE000A2E4LE9.csv', 'checksum': 'f26f8317b7a41f93bc5b9be62dad13e2'}]",0,Elektrotechnologie,DE000A2E4LE9,-,Technologie,voltabox-aktie,Inlandsaktie,VBX
35339,Deutschland,6,http://www.ariva.de/quote/historic/historic.csv?secu=35339&boerse_id=6&clean_split=1&clean_payout=1&clean_bezug=1&min_time=2000-01-01&max_time=2019-07-12&trenner=%3B&go=Download,"[{'url': 'http://www.ariva.de/quote/historic/historic.csv?secu=35339&boerse_id=6&clean_split=1&clean_payout=1&clean_bezug=1&min_time=2000-01-01&max_time=2019-07-12&trenner=%3B&go=Download', 'path': 'isin_DE0006578008.csv', 'checksum': '9a0a2828c35dbdf771e271e011ed39c8'}]",1856,Maschinenbau,DE0006578008,-,Industrie,khd_humboldt_wedag_international-aktie,Inlandsaktie,KWG
178,Deutschland,6,http://www.ariva.de/quote/historic/historic.csv?secu=178&boerse_id=6&clean_split=1&clean_payout=1&clean_bezug=1&min_time=2000-01-01&max_time=2019-07-12&trenner=%3B&go=Download,"[{'url': 'http://www.ariva.de/quote/historic/historic.csv?secu=178&boerse_id=6&clean_split=1&clean_payout=1&clean_bezug=1&min_time=2000-01-01&max_time=2019-07-12&trenner=%3B&go=Download', 'path': 'isin_DE000A12UP37.csv', 'checksum': 'df0f52213553557161763399668e1b61'}]",1989,IT-Software (Telekommunikation und Internet),DE000A12UP37,01.10.1999,Software,norcom_information_technology-aktie,Inlandsaktie,NC5A
681213,Deutschland,6,http://www.ariva.de/quote/historic/historic.csv?secu=681213&boerse_id=6&clean_split=1&clean_payout=1&clean_bezug=1&min_time=2000-01-01&max_time=2019-07-12&trenner=%3B&go=Download,"[{'url': 'http://www.ariva.de/quote/historic/historic.csv?secu=681213&boerse_id=6&clean_split=1&clean_payout=1&clean_bezug=1&min_time=2000-01-01&max_time=2019-07-12&trenner=%3B&go=Download', 'path': 'isin_DE000A0B65S3.csv', 'checksum': '4ad905bc4029f004abb02573cc100909'}]",2000,Pharma,DE000A0B65S3,10.02.2005,Chemie/Pharma,paion-aktie,Inlandsaktie,PA8
5622,Deutschland,6,http://www.ariva.de/quote/historic/historic.csv?secu=5622&boerse_id=6&clean_split=1&clean_payout=1&clean_bezug=1&min_time=2000-01-01&max_time=2019-07-12&trenner=%3B&go=Download,"[{'url': 'http://www.ariva.de/quote/historic/historic.csv?secu=5622&boerse_id=6&clean_split=1&clean_payout=1&clean_bezug=1&min_time=2000-01-01&max_time=2019-07-12&trenner=%3B&go=Download', 'path': 'isin_DE0008019001.csv', 'checksum': '846cef75220d4a34e921dabf900aceaf'}]",0,Finanzdienstleistungen,DE0008019001,16.07.2015,Finanzsektor,deutsche_pfandbriefbank-aktie,Inlandsaktie,PBB
27701,Österreich,58,http://www.ariva.de/quote/historic/historic.csv?secu=27701&boerse_id=58&clean_split=1&clean_payout=1&clean_bezug=1&min_time=2000-01-01&max_time=2019-07-12&trenner=%3B&go=Download,"[{'url': 'http://www.ariva.de/quote/historic/historic.csv?secu=27701&boerse_id=58&clean_split=1&clean_payout=1&clean_bezug=1&min_time=2000-01-01&max_time=2019-07-12&trenner=%3B&go=Download', 'path': 'isin_AT0000A21KS2.csv', 'checksum': '638109abcf46664b527960899364aaa9'}]",1990,Immobilien,AT0000A21KS2,03.05.1999,Diverse,immofinanz_immobilien_anlagen-aktie,Auslandsaktie,IMO1
130509101,Deutschland,6,http://www.ariva.de/quote/historic/historic.csv?secu=130509101&boerse_id=6&clean_split=1&clean_payout=1&clean_bezug=1&min_time=2000-01-01&max_time=2019-07-12&trenner=%3B&go=Download,"[{'url': 'http://www.ariva.de/quote/historic/historic.csv?secu=130509101&boerse_id=6&clean_split=1&clean_payout=1&clean_bezug=1&min_time=2000-01-01&max_time=2019-07-12&trenner=%3B&go=Download', 'path': 'isin_DE000A0WMNK9.csv', 'checksum': '26ec0109fca5657dea4ebee7e3f7699f'}]",0,Restaurants und Foodvertrieb,DE000A0WMNK9,-,Konsumgüter,vapiano-aktie,Inlandsaktie,VAO
131252955,Deutschland,6,http://www.ariva.de/quote/historic/historic.csv?secu=131252955&boerse_id=6&clean_split=1&clean_payout=1&clean_bezug=1&min_time=2000-01-01&max_time=2019-07-12&trenner=%3B&go=Download,"[{'url': 'http://www.ariva.de/quote/historic/historic.csv?secu=131252955&boerse_id=6&clean_split=1&clean_payout=1&clean_bezug=1&min_time=2000-01-01&max_time=2019-07-12&trenner=%3B&go=Download', 'path': 'isin_DE000A2E3707.csv', 'checksum': 'c8640920e499347a39eada43aa77c97a'}]",1995,IT-Software (Telekommunikation und Internet),DE000A2E3707,08.11.2006,Software,asknet_na-aktie,Inlandsaktie,A5AB
817491,Deutschland,131,http://www.ariva.de/quote/historic/historic.csv?secu=817491&boerse_id=131&clean_split=1&clean_payout=1&clean_bezug=1&min_time=2000-01-01&max_time=2019-07-12&trenner=%3B&go=Download,"[{'url': 'http://www.ariva.de/quote/historic/historic.csv?secu=817491&boerse_id=131&clean_split=1&clean_payout=1&clean_bezug=1&min_time=2000-01-01&max_time=2019-07-12&trenner=%3B&go=Download', 'path': 'isin_DE000A14KL72.csv', 'checksum': 'c7a89c21dd278c322f278a3a541047a6'}]",1997,Pharma,DE000A14KL72,15.12.2005,Chemie/Pharma,4_sc-aktie,Inlandsaktie,VSC
4567,Deutschland,6,http://www.ariva.de/quote/historic/historic.csv?secu=4567&boerse_id=6&clean_split=1&clean_payout=1&clean_bezug=1&min_time=2000-01-01&max_time=2019-07-12&trenner=%3B&go=Download,"[{'url': 'http://www.ariva.de/quote/historic/historic.csv?secu=4567&boerse_id=6&clean_split=1&clean_payout=1&clean_bezug=1&min_time=2000-01-01&max_time=2019-07-12&trenner=%3B&go=Download', 'path': 'isin_DE0006208408.csv', 'checksum': '90a8d3a1c5b0f265ce231c4bc5935a18'}]",0,Textilindustrie,DE0006208408,-,Industrie,kap-aktie,Inlandsaktie,IUR
946996,Deutschland,6,http://www.ariva.de/quote/historic/historic.csv?secu=946996&boerse_id=6&clean_split=1&clean_payout=1&clean_bezug=1&min_time=2000-01-01&max_time=2019-07-12&trenner=%3B&go=Download,"[{'url': 'http://www.ariva.de/quote/historic/historic.csv?secu=946996&boerse_id=6&clean_split=1&clean_payout=1&clean_bezug=1&min_time=2000-01-01&max_time=2019-07-12&trenner=%3B&go=Download', 'path': 'isin_DE000A0JK2A8.csv', 'checksum': '22590735deb62d4597315388391b0116'}]",0,Diverse,DE000A0JK2A8,26.06.2006,Industrie,aurelius-aktie,Inlandsaktie,AR4
141808185,Deutschland,6,http://www.ariva.de/quote/historic/historic.csv?secu=141808185&boerse_id=6&clean_split=1&clean_payout=1&clean_bezug=1&min_time=2000-01-01&max_time=2019-07-12&trenner=%3B&go=Download,"[{'url': 'http://www.ariva.de/quote/historic/historic.csv?secu=141808185&boerse_id=6&clean_split=1&clean_payout=1&clean_bezug=1&min_time=2000-01-01&max_time=2019-07-12&trenner=%3B&go=Download', 'path': 'isin_DE000TRAT0N7.csv', 'checksum': '6addd31b292e5765bfe9fa06ca401d55'}]",0,Automobilproduktion,DE000TRAT0N7,28.06.2019,Kraftfahrzeugindustrie,traton-aktie,Inlandsaktie,8TRA
100885350,Deutschland,6,http://www.ariva.de/quote/historic/historic.csv?secu=100885350&boerse_id=6&clean_split=1&clean_payout=1&clean_bezug=1&min_time=2000-01-01&max_time=2019-07-12&trenner=%3B&go=Download,"[{'url': 'http://www.ariva.de/quote/historic/historic.csv?secu=100885350&boerse_id=6&clean_split=1&clean_payout=1&clean_bezug=1&min_time=2000-01-01&max_time=2019-07-12&trenner=%3B&go=Download', 'path': 'isin_DE000A12UK08.csv', 'checksum': '275c7c3078fc4f1884fbb7533f5859f8'}]",2010,Internetkommerz,DE000A12UK08,10.10.2005,Informationstechnologie,mountain_alliance_ag-aktie,Inlandsaktie,ECF
6177,Deutschland,6,http://www.ariva.de/quote/historic/historic.csv?secu=6177&boerse_id=6&clean_split=1&clean_payout=1&clean_bezug=1&min_time=2000-01-01&max_time=2019-07-12&trenner=%3B&go=Download,"[{'url': 'http://www.ariva.de/quote/historic/historic.csv?secu=6177&boerse_id=6&clean_split=1&clean_payout=1&clean_bezug=1&min_time=2000-01-01&max_time=2019-07-12&trenner=%3B&go=Download', 'path': 'isin_DE0005759807.csv', 'checksum': 'c508f897486a00d92b1b0d8f64b5acaa'}]",1983,IT-Dienstleistungen,DE0005759807,24.07.2001,Informationstechnologie,init_innovation-aktie,Inlandsaktie,IXX
103478824,Schweiz,123,http://www.ariva.de/quote/historic/historic.csv?secu=103478824&boerse_id=123&clean_split=1&clean_payout=1&clean_bezug=1&min_time=2000-01-01&max_time=2019-07-12&trenner=%3B&go=Download,"[{'url': 'http://www.ariva.de/quote/historic/historic.csv?secu=103478824&boerse_id=123&clean_split=1&clean_payout=1&clean_bezug=1&min_time=2000-01-01&max_time=2019-07-12&trenner=%3B&go=Download', 'path': 'isin_CH0024590272.csv', 'checksum': '4774c6a1ef597cac326f826093acaa62'}]",,Sonstige Handel,CH0024590272,-,Handel,also-actebis_holding-aktie,Auslandsaktie,9AS
100038721,Deutschland,6,http://www.ariva.de/quote/historic/historic.csv?secu=100038721&boerse_id=6&clean_split=1&clean_payout=1&clean_bezug=1&min_time=2000-01-01&max_time=2019-07-12&trenner=%3B&go=Download,"[{'url': 'http://www.ariva.de/quote/historic/historic.csv?secu=100038721&boerse_id=6&clean_split=1&clean_payout=1&clean_bezug=1&min_time=2000-01-01&max_time=2019-07-12&trenner=%3B&go=Download', 'path': 'isin_DE0005146807.csv', 'checksum': '63707c9820a81156eef553e0378f14ee'}]",1999,Internetkommerz,DE0005146807,26.10.2006,Informationstechnologie,delticom-aktie,Inlandsaktie,DEX
100344244,Deutschland,6,http://www.ariva.de/quote/historic/historic.csv?secu=100344244&boerse_id=6&clean_split=1&clean_payout=1&clean_bezug=1&min_time=2000-01-01&max_time=2019-07-12&trenner=%3B&go=Download,"[{'url': 'http://www.ariva.de/quote/historic/historic.csv?secu=100344244&boerse_id=6&clean_split=1&clean_payout=1&clean_bezug=1&min_time=2000-01-01&max_time=2019-07-12&trenner=%3B&go=Download', 'path': 'isin_DE000A0HGQF5.csv', 'checksum': '683b8f49aa465ca4011a6bb1ea451d6d'}]",0,Sonstige Branchen,DE000A0HGQF5,-,Diverse,magforce-aktie,Inlandsaktie,MF6
4383,Deutschland,6,http://www.ariva.de/quote/historic/historic.csv?secu=4383&boerse_id=6&clean_split=1&clean_payout=1&clean_bezug=1&min_time=2000-01-01&max_time=2019-07-12&trenner=%3B&go=Download,"[{'url': 'http://www.ariva.de/quote/historic/historic.csv?secu=4383&boerse_id=6&clean_split=1&clean_payout=1&clean_bezug=1&min_time=2000-01-01&max_time=2019-07-12&trenner=%3B&go=Download', 'path': 'isin_DE000A11QW68.csv', 'checksum': '73fc5691861bb3b4b7db51884988a1f0'}]",2005,Sonstige Energie/Rohstoffe,DE000A11QW68,-,Energie/Rohstoffe,7c_solarparken-aktie,Inlandsaktie,HRPK
117347486,Deutschland,6,http://www.ariva.de/quote/historic/historic.csv?secu=117347486&boerse_id=6&clean_split=1&clean_payout=1&clean_bezug=1&min_time=2000-01-01&max_time=2019-07-12&trenner=%3B&go=Download,"[{'url': 'http://www.ariva.de/quote/historic/historic.csv?secu=117347486&boerse_id=6&clean_split=1&clean_payout=1&clean_bezug=1&min_time=2000-01-01&max_time=2019-07-12&trenner=%3B&go=Download', 'path': 'isin_DE000A12UKK6.csv', 'checksum': 'dfc427d2bd8f3d6f756cfc3387d25964'}]",2007,IT-Dienstleistungen,DE000A12UKK6,02.10.2014,Informationstechnologie,rocket_internet-aktie,Inlandsaktie,RKET
2084,Deutschland,6,http://www.ariva.de/quote/historic/historic.csv?secu=2084&boerse_id=6&clean_split=1&clean_payout=1&clean_bezug=1&min_time=2000-01-01&max_time=2019-07-12&trenner=%3B&go=Download,"[{'url': 'http://www.ariva.de/quote/historic/historic.csv?secu=2084&boerse_id=6&clean_split=1&clean_payout=1&clean_bezug=1&min_time=2000-01-01&max_time=2019-07-12&trenner=%3B&go=Download', 'path': 'isin_DE000A2DA588.csv', 'checksum': '99362cedcfc4b719dc62e257e006fe9e'}]",1991,Maschinenbau,DE000A2DA588,17.05.1994,Industrie,max_automation-aktie,Inlandsaktie,MXHN
875132,Deutschland,6,http://www.ariva.de/quote/historic/historic.csv?secu=875132&boerse_id=6&clean_split=1&clean_payout=1&clean_bezug=1&min_time=2000-01-01&max_time=2019-07-12&trenner=%3B&go=Download,"[{'url': 'http://www.ariva.de/quote/historic/historic.csv?secu=875132&boerse_id=6&clean_split=1&clean_payout=1&clean_bezug=1&min_time=2000-01-01&max_time=2019-07-12&trenner=%3B&go=Download', 'path': 'isin_DE0007568578.csv', 'checksum': '52a2cd7d8854444a2cef4b652a52d0bf'}]",2000,Diversifizierte Industrieunternehmen,DE0007568578,25.05.2007,Industrie,sfc_energy-aktie,Inlandsaktie,F3C
135221826,Schweiz,123,http://www.ariva.de/quote/historic/historic.csv?secu=135221826&boerse_id=123&clean_split=1&clean_payout=1&clean_bezug=1&min_time=2000-01-01&max_time=2019-07-12&trenner=%3B&go=Download,"[{'url': 'http://www.ariva.de/quote/historic/historic.csv?secu=135221826&boerse_id=123&clean_split=1&clean_payout=1&clean_bezug=1&min_time=2000-01-01&max_time=2019-07-12&trenner=%3B&go=Download', 'path': 'isin_CH0106213793.csv', 'checksum': '66908a7a36163664ea220acac039df2e'}]",1996,Pharma,CH0106213793,15.05.2018,Chemie/Pharma,polyphor_n-aktie,Auslandsaktie,29Y
254,Deutschland,6,http://www.ariva.de/quote/historic/historic.csv?secu=254&boerse_id=6&clean_split=1&clean_payout=1&clean_bezug=1&min_time=2000-01-01&max_time=2019-07-12&trenner=%3B&go=Download,"[{'url': 'http://www.ariva.de/quote/historic/historic.csv?secu=254&boerse_id=6&clean_split=1&clean_payout=1&clean_bezug=1&min_time=2000-01-01&max_time=2019-07-12&trenner=%3B&go=Download', 'path': 'isin_DE0007461006.csv', 'checksum': '662e361e88641124b9e90a6d1aecf962'}]",1991,Sonstige Technologie,DE0007461006,21.06.1999,Technologie,pva_tepla-aktie,Inlandsaktie,TPE
938378,Deutschland,6,http://www.ariva.de/quote/historic/historic.csv?secu=938378&boerse_id=6&clean_split=1&clean_payout=1&clean_bezug=1&min_time=2000-01-01&max_time=2019-07-12&trenner=%3B&go=Download,"[{'url': 'http://www.ariva.de/quote/historic/historic.csv?secu=938378&boerse_id=6&clean_split=1&clean_payout=1&clean_bezug=1&min_time=2000-01-01&max_time=2019-07-12&trenner=%3B&go=Download', 'path': 'isin_DE0005494165.csv', 'checksum': '91c50d9c9e4c1e5d4cb550c29913e87d'}]",2000,Internetservice,DE0005494165,08.06.2006,Informationstechnologie,eqs_group-aktie,Inlandsaktie,EQS
732119,Deutschland,6,http://www.ariva.de/quote/historic/historic.csv?secu=732119&boerse_id=6&clean_split=1&clean_payout=1&clean_bezug=1&min_time=2000-01-01&max_time=2019-07-12&trenner=%3B&go=Download,"[{'url': 'http://www.ariva.de/quote/historic/historic.csv?secu=732119&boerse_id=6&clean_split=1&clean_payout=1&clean_bezug=1&min_time=2000-01-01&max_time=2019-07-12&trenner=%3B&go=Download', 'path': 'isin_DE0007830788.csv', 'checksum': '5ef75fb9257f8d6accd3eebc0145b0a0'}]",2001,Spezialsoftware,DE0007830788,11.07.2005,Software,ifa_systems-aktie,Inlandsaktie,IS8
135979955,Deutschland,131,http://www.ariva.de/quote/historic/historic.csv?secu=135979955&boerse_id=131&clean_split=1&clean_payout=1&clean_bezug=1&min_time=2000-01-01&max_time=2019-07-12&trenner=%3B&go=Download,"[{'url': 'http://www.ariva.de/quote/historic/historic.csv?secu=135979955&boerse_id=131&clean_split=1&clean_payout=1&clean_bezug=1&min_time=2000-01-01&max_time=2019-07-12&trenner=%3B&go=Download', 'path': 'isin_DE0005009740.csv', 'checksum': '42b17596c2c9e3d73996163bfcb69b1c'}]",1919,Bekleidungsartikel,DE0005009740,03.06.1987,Konsumgüter,ahlers_namensaktien-aktie,Inlandsaktie,AAH
107140978,,0,http://www.ariva.de/quote/historic/historic.csv?secu=107140978&boerse_id=0&clean_split=1&clean_payout=1&clean_bezug=1&min_time=2000-01-01&max_time=2019-07-12&trenner=%3B&go=Download,"[{'url': 'http://www.ariva.de/quote/historic/historic.csv?secu=107140978&boerse_id=0&clean_split=1&clean_payout=1&clean_bezug=1&min_time=2000-01-01&max_time=2019-07-12&trenner=%3B&go=Download', 'path': 'isin_DE000A1MLSJ1.csv', 'checksum': '9a2e0b83f40ad9607c75dd83b064445e'}]",,,DE000A1MLSJ1,,,DE000A1MLSJ1,,
100074655,Deutschland,6,http://www.ariva.de/quote/historic/historic.csv?secu=100074655&boerse_id=6&clean_split=1&clean_payout=1&clean_bezug=1&min_time=2000-01-01&max_time=2019-07-12&trenner=%3B&go=Download,"[{'url': 'http://www.ariva.de/quote/historic/historic.csv?secu=100074655&boerse_id=6&clean_split=1&clean_payout=1&clean_bezug=1&min_time=2000-01-01&max_time=2019-07-12&trenner=%3B&go=Download', 'path': 'isin_DE000A0LBKW6.csv', 'checksum': '1d43a7a28520f7dbfd86514443b2f099'}]",2003,Sonstige Branchen,DE000A0LBKW6,14.12.2006,Diverse,uet_united_electronic_technology-aktie,Inlandsaktie,CFC
141846815,Luxemburg,6,http://www.ariva.de/quote/historic/historic.csv?secu=141846815&boerse_id=6&clean_split=1&clean_payout=1&clean_bezug=1&min_time=2000-01-01&max_time=2019-07-12&trenner=%3B&go=Download,"[{'url': 'http://www.ariva.de/quote/historic/historic.csv?secu=141846815&boerse_id=6&clean_split=1&clean_payout=1&clean_bezug=1&min_time=2000-01-01&max_time=2019-07-12&trenner=%3B&go=Download', 'path': 'isin_LU2010095458.csv', 'checksum': 'b01a45a6be429cc62affbda4ba0cb1a2'}]",2011,Internetkommerz,LU2010095458,02.07.2019,Informationstechnologie,global_fashion_group-aktie,Auslandsaktie,GFG
124708469,Deutschland,6,http://www.ariva.de/quote/historic/historic.csv?secu=124708469&boerse_id=6&clean_split=1&clean_payout=1&clean_bezug=1&min_time=2000-01-01&max_time=2019-07-12&trenner=%3B&go=Download,"[{'url': 'http://www.ariva.de/quote/historic/historic.csv?secu=124708469&boerse_id=6&clean_split=1&clean_payout=1&clean_bezug=1&min_time=2000-01-01&max_time=2019-07-12&trenner=%3B&go=Download', 'path': 'isin_DE0005203947.csv', 'checksum': 'f8ececed8d78c85e718c6d222b5c102d'}]",1993,Biotechnologie,DE0005203947,09.02.2016,Chemie/Pharma,b-r-a-i-n-_biotechnology_research_and_information_network-aktie,Inlandsaktie,BNN
100097274,Schweiz,123,http://www.ariva.de/quote/historic/historic.csv?secu=100097274&boerse_id=123&clean_split=1&clean_payout=1&clean_bezug=1&min_time=2000-01-01&max_time=2019-07-12&trenner=%3B&go=Download,"[{'url': 'http://www.ariva.de/quote/historic/historic.csv?secu=100097274&boerse_id=123&clean_split=1&clean_payout=1&clean_bezug=1&min_time=2000-01-01&max_time=2019-07-12&trenner=%3B&go=Download', 'path': 'isin_CH0028422100.csv', 'checksum': '0d4d67da4ded2576b353a3988bcbb43e'}]",,Banken,CH0028422100,-,Finanzsektor,bellevue_group-aktie,Auslandsaktie,SJZN
884904,Deutschland,6,http://www.ariva.de/quote/historic/historic.csv?secu=884904&boerse_id=6&clean_split=1&clean_payout=1&clean_bezug=1&min_time=2000-01-01&max_time=2019-07-12&trenner=%3B&go=Download,"[{'url': 'http://www.ariva.de/quote/historic/historic.csv?secu=884904&boerse_id=6&clean_split=1&clean_payout=1&clean_bezug=1&min_time=2000-01-01&max_time=2019-07-12&trenner=%3B&go=Download', 'path': 'isin_DE000A0ETBQ4.csv', 'checksum': 'f6882a64ff6fb93acc52cc8ac3215d00'}]",1995,Mischkonzerne,DE000A0ETBQ4,09.05.2006,Diverse,mbb-aktie,Inlandsaktie,MBB
104696205,Deutschland,6,http://www.ariva.de/quote/historic/historic.csv?secu=104696205&boerse_id=6&clean_split=1&clean_payout=1&clean_bezug=1&min_time=2000-01-01&max_time=2019-07-12&trenner=%3B&go=Download,"[{'url': 'http://www.ariva.de/quote/historic/historic.csv?secu=104696205&boerse_id=6&clean_split=1&clean_payout=1&clean_bezug=1&min_time=2000-01-01&max_time=2019-07-12&trenner=%3B&go=Download', 'path': 'isin_DE000A1JBPV9.csv', 'checksum': '74c7c1a7f5a10711df356b58831fc629'}]",1365,Automobilzulieferer,DE000A1JBPV9,07.07.2011,Kraftfahrzeugindustrie,shw-aktie,Inlandsaktie,SW1
105943026,Schweiz,123,http://www.ariva.de/quote/historic/historic.csv?secu=105943026&boerse_id=123&clean_split=1&clean_payout=1&clean_bezug=1&min_time=2000-01-01&max_time=2019-07-12&trenner=%3B&go=Download,"[{'url': 'http://www.ariva.de/quote/historic/historic.csv?secu=105943026&boerse_id=123&clean_split=1&clean_payout=1&clean_bezug=1&min_time=2000-01-01&max_time=2019-07-12&trenner=%3B&go=Download', 'path': 'isin_CH0110303119.csv', 'checksum': '695f3bf6950ba05ea311b23f63ed5c7d'}]",,Dienstleistungen,CH0110303119,-,Diverse,leclanche-aktie,Auslandsaktie,278
738507,Deutschland,131,http://www.ariva.de/quote/historic/historic.csv?secu=738507&boerse_id=131&clean_split=1&clean_payout=1&clean_bezug=1&min_time=2000-01-01&max_time=2019-07-12&trenner=%3B&go=Download,"[{'url': 'http://www.ariva.de/quote/historic/historic.csv?secu=738507&boerse_id=131&clean_split=1&clean_payout=1&clean_bezug=1&min_time=2000-01-01&max_time=2019-07-12&trenner=%3B&go=Download', 'path': 'isin_DE000A0EPUH1.csv', 'checksum': 'a4c1a9940a62d8bbe99b7e742c3e28a5'}]",1992,IT-Software (Telekommunikation und Internet),DE000A0EPUH1,16.07.1998,Software,intershop_communications-aktie,Inlandsaktie,ISH2
77,Deutschland,6,http://www.ariva.de/quote/historic/historic.csv?secu=77&boerse_id=6&clean_split=1&clean_payout=1&clean_bezug=1&min_time=2000-01-01&max_time=2019-07-12&trenner=%3B&go=Download,"[{'url': 'http://www.ariva.de/quote/historic/historic.csv?secu=77&boerse_id=6&clean_split=1&clean_payout=1&clean_bezug=1&min_time=2000-01-01&max_time=2019-07-12&trenner=%3B&go=Download', 'path': 'isin_DE000A0Z23G6.csv', 'checksum': '491668535417c6a2ee283ab7875bdc6f'}]",1995,Entertainment/Dienstleistungen,DE000A0Z23G6,14.09.1998,Medien/Entertainment/Freizeit,deag_deutsche_entertainment-aktie,Inlandsaktie,ERMK
121111113,Deutschland,6,http://www.ariva.de/quote/historic/historic.csv?secu=121111113&boerse_id=6&clean_split=1&clean_payout=1&clean_bezug=1&min_time=2000-01-01&max_time=2019-07-12&trenner=%3B&go=Download,"[{'url': 'http://www.ariva.de/quote/historic/historic.csv?secu=121111113&boerse_id=6&clean_split=1&clean_payout=1&clean_bezug=1&min_time=2000-01-01&max_time=2019-07-12&trenner=%3B&go=Download', 'path': 'isin_LU1250154413.csv', 'checksum': 'f166b724a7ee9bfc54fb773256f845ec'}]",0,Immobilien,LU1250154413,23.07.2015,Diverse,ado_properties_s-a-aktie,Inlandsaktie,ADJ
1206,Deutschland,6,http://www.ariva.de/quote/historic/historic.csv?secu=1206&boerse_id=6&clean_split=1&clean_payout=1&clean_bezug=1&min_time=2000-01-01&max_time=2019-07-12&trenner=%3B&go=Download,"[{'url': 'http://www.ariva.de/quote/historic/historic.csv?secu=1206&boerse_id=6&clean_split=1&clean_payout=1&clean_bezug=1&min_time=2000-01-01&max_time=2019-07-12&trenner=%3B&go=Download', 'path': 'isin_DE000A1K0201.csv', 'checksum': 'd140ce1fa802bc753f4e034e7bbf0089'}]",1989,Holdings,DE000A1K0201,24.03.1998,Diverse,gesco-aktie,Inlandsaktie,GSC1
130819734,Deutschland,6,http://www.ariva.de/quote/historic/historic.csv?secu=130819734&boerse_id=6&clean_split=1&clean_payout=1&clean_bezug=1&min_time=2000-01-01&max_time=2019-07-12&trenner=%3B&go=Download,"[{'url': 'http://www.ariva.de/quote/historic/historic.csv?secu=130819734&boerse_id=6&clean_split=1&clean_payout=1&clean_bezug=1&min_time=2000-01-01&max_time=2019-07-12&trenner=%3B&go=Download', 'path': 'isin_DE000BFB0019.csv', 'checksum': '35e425f15322a1ba2ad15323e178ffb3'}]",1996,Holdings,DE000BFB0019,13.07.2017,Diverse,metro_st-aktie,Inlandsaktie,B4B
100030984,Deutschland,6,http://www.ariva.de/quote/historic/historic.csv?secu=100030984&boerse_id=6&clean_split=1&clean_payout=1&clean_bezug=1&min_time=2000-01-01&max_time=2019-07-12&trenner=%3B&go=Download,"[{'url': 'http://www.ariva.de/quote/historic/historic.csv?secu=100030984&boerse_id=6&clean_split=1&clean_payout=1&clean_bezug=1&min_time=2000-01-01&max_time=2019-07-12&trenner=%3B&go=Download', 'path': 'isin_DE000A0JKHC9.csv', 'checksum': 'fa20cae0cd7e67e5f3aa5bb602e9e71d'}]",1999,Nanotechnologie,DE000A0JKHC9,18.10.2006,Technologie,nanogate-aktie,Inlandsaktie,N7G
310,Deutschland,6,http://www.ariva.de/quote/historic/historic.csv?secu=310&boerse_id=6&clean_split=1&clean_payout=1&clean_bezug=1&min_time=2000-01-01&max_time=2019-07-12&trenner=%3B&go=Download,"[{'url': 'http://www.ariva.de/quote/historic/historic.csv?secu=310&boerse_id=6&clean_split=1&clean_payout=1&clean_bezug=1&min_time=2000-01-01&max_time=2019-07-12&trenner=%3B&go=Download', 'path': 'isin_DE0008232125.csv', 'checksum': '674cfe4f339e3de5cf2f30ca777a9977'}]",1953,Fluggesellschaften,DE0008232125,14.04.1966,Transport/Verkehrssektor,lufthansa-aktie,Inlandsaktie,LHA
130575829,Deutschland,6,http://www.ariva.de/quote/historic/historic.csv?secu=130575829&boerse_id=6&clean_split=1&clean_payout=1&clean_bezug=1&min_time=2000-01-01&max_time=2019-07-12&trenner=%3B&go=Download,"[{'url': 'http://www.ariva.de/quote/historic/historic.csv?secu=130575829&boerse_id=6&clean_split=1&clean_payout=1&clean_bezug=1&min_time=2000-01-01&max_time=2019-07-12&trenner=%3B&go=Download', 'path': 'isin_DE000A2E4K43.csv', 'checksum': '3e3bde81bb96d268696f32e189faf71d'}]",0,Internetkommerz,DE000A2E4K43,30.06.2017,Informationstechnologie,delivery_hero-aktie,Inlandsaktie,DHER
66,Deutschland,6,http://www.ariva.de/quote/historic/historic.csv?secu=66&boerse_id=6&clean_split=1&clean_payout=1&clean_bezug=1&min_time=2000-01-01&max_time=2019-07-12&trenner=%3B&go=Download,"[{'url': 'http://www.ariva.de/quote/historic/historic.csv?secu=66&boerse_id=6&clean_split=1&clean_payout=1&clean_bezug=1&min_time=2000-01-01&max_time=2019-07-12&trenner=%3B&go=Download', 'path': 'isin_DE0005470306.csv', 'checksum': '5b242c52ed6b74707772f1f74370dda5'}]",1989,Entertainment/Dienstleistungen,DE0005470306,01.02.2000,Medien/Entertainment/Freizeit,cts_eventim-aktie,Inlandsaktie,EVD
136149299,Deutschland,6,http://www.ariva.de/quote/historic/historic.csv?secu=136149299&boerse_id=6&clean_split=1&clean_payout=1&clean_bezug=1&min_time=2000-01-01&max_time=2019-07-12&trenner=%3B&go=Download,"[{'url': 'http://www.ariva.de/quote/historic/historic.csv?secu=136149299&boerse_id=6&clean_split=1&clean_payout=1&clean_bezug=1&min_time=2000-01-01&max_time=2019-07-12&trenner=%3B&go=Download', 'path': 'isin_DE000A2LQUA5.csv', 'checksum': '11571a0714367c05be5a9e4a52b8b16c'}]",2014,Finanzdienstleistungen,DE000A2LQUA5,25.07.2018,Finanzsektor,creditshelf-aktie,Inlandsaktie,CSQ
1534,Deutschland,6,http://www.ariva.de/quote/historic/historic.csv?secu=1534&boerse_id=6&clean_split=1&clean_payout=1&clean_bezug=1&min_time=2000-01-01&max_time=2019-07-12&trenner=%3B&go=Download,"[{'url': 'http://www.ariva.de/quote/historic/historic.csv?secu=1534&boerse_id=6&clean_split=1&clean_payout=1&clean_bezug=1&min_time=2000-01-01&max_time=2019-07-12&trenner=%3B&go=Download', 'path': 'isin_DE0007667107.csv', 'checksum': '107c01600ef3a4ffe2dac10676681f2b'}]",1872,Elektrotechnologie,DE0007667107,14.06.1990,Technologie,vossloh-aktie,Inlandsaktie,VOS
2068,Deutschland,6,http://www.ariva.de/quote/historic/historic.csv?secu=2068&boerse_id=6&clean_split=1&clean_payout=1&clean_bezug=1&min_time=2000-01-01&max_time=2019-07-12&trenner=%3B&go=Download,"[{'url': 'http://www.ariva.de/quote/historic/historic.csv?secu=2068&boerse_id=6&clean_split=1&clean_payout=1&clean_bezug=1&min_time=2000-01-01&max_time=2019-07-12&trenner=%3B&go=Download', 'path': 'isin_DE000A1PHBB5.csv', 'checksum': 'd75316a764a2b669f65435b907f4e0e1'}]",1876,Maschinenbau,DE000A1PHBB5,21.07.1997,Industrie,r-_stahl-aktie,Inlandsaktie,RSL2
1592,Deutschland,6,http://www.ariva.de/quote/historic/historic.csv?secu=1592&boerse_id=6&clean_split=1&clean_payout=1&clean_bezug=1&min_time=2000-01-01&max_time=2019-07-12&trenner=%3B&go=Download,"[{'url': 'http://www.ariva.de/quote/historic/historic.csv?secu=1592&boerse_id=6&clean_split=1&clean_payout=1&clean_bezug=1&min_time=2000-01-01&max_time=2019-07-12&trenner=%3B&go=Download', 'path': 'isin_DE0007074007.csv', 'checksum': '6ad4691f770ba09b965ced574e8484c6'}]",1856,Diversifizierte Industrieunternehmen,DE0007074007,12.07.1993,Industrie,kws_saat-aktie,Inlandsaktie,KWS
933641,Deutschland,6,http://www.ariva.de/quote/historic/historic.csv?secu=933641&boerse_id=6&clean_split=1&clean_payout=1&clean_bezug=1&min_time=2000-01-01&max_time=2019-07-12&trenner=%3B&go=Download,"[{'url': 'http://www.ariva.de/quote/historic/historic.csv?secu=933641&boerse_id=6&clean_split=1&clean_payout=1&clean_bezug=1&min_time=2000-01-01&max_time=2019-07-12&trenner=%3B&go=Download', 'path': 'isin_DE0005932735.csv', 'checksum': 'e703bc96890ea396bd36fdd470819fe9'}]",2001,Dienstleistungen,DE0005932735,02.06.2006,Diverse,yoc-aktie,Inlandsaktie,YOC
123369336,Deutschland,6,http://www.ariva.de/quote/historic/historic.csv?secu=123369336&boerse_id=6&clean_split=1&clean_payout=1&clean_bezug=1&min_time=2000-01-01&max_time=2019-07-12&trenner=%3B&go=Download,"[{'url': 'http://www.ariva.de/quote/historic/historic.csv?secu=123369336&boerse_id=6&clean_split=1&clean_payout=1&clean_bezug=1&min_time=2000-01-01&max_time=2019-07-12&trenner=%3B&go=Download', 'path': 'isin_DE000HLAG475.csv', 'checksum': 'b74a5347729d28bba98c0dcc36bb16a5'}]",0,Schifffahrt,DE000HLAG475,30.10.2015,Transport/Verkehrssektor,hapag-lloyd-aktie,Inlandsaktie,HLAG
133872850,,6,http://www.ariva.de/quote/historic/historic.csv?secu=133872850&boerse_id=6&clean_split=1&clean_payout=1&clean_bezug=1&min_time=2000-01-01&max_time=2019-07-12&trenner=%3B&go=Download,"[{'url': 'http://www.ariva.de/quote/historic/historic.csv?secu=133872850&boerse_id=6&clean_split=1&clean_payout=1&clean_bezug=1&min_time=2000-01-01&max_time=2019-07-12&trenner=%3B&go=Download', 'path': 'isin_GB00BF1GH114.csv', 'checksum': '24916a61846a8708561a3d6db06ea231'}]",,,GB00BF1GH114,,,mbh_corporation-aktie,,
100026567,Deutschland,6,http://www.ariva.de/quote/historic/historic.csv?secu=100026567&boerse_id=6&clean_split=1&clean_payout=1&clean_bezug=1&min_time=2000-01-01&max_time=2019-07-12&trenner=%3B&go=Download,"[{'url': 'http://www.ariva.de/quote/historic/historic.csv?secu=100026567&boerse_id=6&clean_split=1&clean_payout=1&clean_bezug=1&min_time=2000-01-01&max_time=2019-07-12&trenner=%3B&go=Download', 'path': 'isin_DE000A0LAUP1.csv', 'checksum': '2d1b722dbf136a8dc9632c0bbbb9c30d'}]",2006,Biotechnologie,DE000A0LAUP1,29.09.2006,Chemie/Pharma,cropenergies-aktie,Inlandsaktie,CE2
1157,Deutschland,6,http://www.ariva.de/quote/historic/historic.csv?secu=1157&boerse_id=6&clean_split=1&clean_payout=1&clean_bezug=1&min_time=2000-01-01&max_time=2019-07-12&trenner=%3B&go=Download,"[{'url': 'http://www.ariva.de/quote/historic/historic.csv?secu=1157&boerse_id=6&clean_split=1&clean_payout=1&clean_bezug=1&min_time=2000-01-01&max_time=2019-07-12&trenner=%3B&go=Download', 'path': 'isin_DE0006202005.csv', 'checksum': 'c56fe7bb2620a02843da378879875e46'}]",1843,Eisen/Stahlindustrie,DE0006202005,02.06.1998,Industrie,salzgitter-aktie,Inlandsaktie,SZG
140317736,,123,http://www.ariva.de/quote/historic/historic.csv?secu=140317736&boerse_id=123&clean_split=1&clean_payout=1&clean_bezug=1&min_time=2000-01-01&max_time=2019-07-12&trenner=%3B&go=Download,"[{'url': 'http://www.ariva.de/quote/historic/historic.csv?secu=140317736&boerse_id=123&clean_split=1&clean_payout=1&clean_bezug=1&min_time=2000-01-01&max_time=2019-07-12&trenner=%3B&go=Download', 'path': 'isin_CH0293784861.csv', 'checksum': 'b189172180c92a5cfaca40ce1f8a89ee'}]",,,CH0293784861,,,swiss_life_ref_ch_swiss_properties-fonds,,
137476846,,5,http://www.ariva.de/quote/historic/historic.csv?secu=137476846&boerse_id=5&clean_split=1&clean_payout=1&clean_bezug=1&min_time=2000-01-01&max_time=2019-07-12&trenner=%3B&go=Download,"[{'url': 'http://www.ariva.de/quote/historic/historic.csv?secu=137476846&boerse_id=5&clean_split=1&clean_payout=1&clean_bezug=1&min_time=2000-01-01&max_time=2019-07-12&trenner=%3B&go=Download', 'path': 'isin_SE0011614445.csv', 'checksum': 'c1bc9866e3be50d923287372aeb07902'}]",,,SE0011614445,,,SE0011614445,,
102935339,Deutschland,6,http://www.ariva.de/quote/historic/historic.csv?secu=102935339&boerse_id=6&clean_split=1&clean_payout=1&clean_bezug=1&min_time=2000-01-01&max_time=2019-07-12&trenner=%3B&go=Download,"[{'url': 'http://www.ariva.de/quote/historic/historic.csv?secu=102935339&boerse_id=6&clean_split=1&clean_payout=1&clean_bezug=1&min_time=2000-01-01&max_time=2019-07-12&trenner=%3B&go=Download', 'path': 'isin_DE000A0STST2.csv', 'checksum': '5d83b13e55239de3e362e1772fed82cd'}]",1962,Bekleidungsartikel,DE000A0STST2,26.03.2010,Konsumgüter,tom_tailor_holding-aktie,Inlandsaktie,TTI
120821123,Deutschland,6,http://www.ariva.de/quote/historic/historic.csv?secu=120821123&boerse_id=6&clean_split=1&clean_payout=1&clean_bezug=1&min_time=2000-01-01&max_time=2019-07-12&trenner=%3B&go=Download,"[{'url': 'http://www.ariva.de/quote/historic/historic.csv?secu=120821123&boerse_id=6&clean_split=1&clean_payout=1&clean_bezug=1&min_time=2000-01-01&max_time=2019-07-12&trenner=%3B&go=Download', 'path': 'isin_DE000WAF3001.csv', 'checksum': '6d51df1c943fc9689ac52a8e32a1ccbb'}]",0,Halbleiterindustrie,DE000WAF3001,11.06.2015,Technologie,siltronic-aktie,Inlandsaktie,WAF
907,Deutschland,6,http://www.ariva.de/quote/historic/historic.csv?secu=907&boerse_id=6&clean_split=1&clean_payout=1&clean_bezug=1&min_time=2000-01-01&max_time=2019-07-12&trenner=%3B&go=Download,"[{'url': 'http://www.ariva.de/quote/historic/historic.csv?secu=907&boerse_id=6&clean_split=1&clean_payout=1&clean_bezug=1&min_time=2000-01-01&max_time=2019-07-12&trenner=%3B&go=Download', 'path': 'isin_DE0006231004.csv', 'checksum': '13a32552b4b9689602f82cc9594626e8'}]",1999,Halbleiterindustrie,DE0006231004,13.03.2000,Technologie,infineon-aktie,Inlandsaktie,IFX
264,Deutschland,131,http://www.ariva.de/quote/historic/historic.csv?secu=264&boerse_id=131&clean_split=1&clean_payout=1&clean_bezug=1&min_time=2000-01-01&max_time=2019-07-12&trenner=%3B&go=Download,"[{'url': 'http://www.ariva.de/quote/historic/historic.csv?secu=264&boerse_id=131&clean_split=1&clean_payout=1&clean_bezug=1&min_time=2000-01-01&max_time=2019-07-12&trenner=%3B&go=Download', 'path': 'isin_DE0007501009.csv', 'checksum': '9e7a7ae8a5e752f24ef92b74876d2ef2'}]",1977,Holdings,DE0007501009,12.07.1999,Diverse,ttl_beteiligungs-_und_grundbesitz-aktie,Inlandsaktie,TTO
3173,Deutschland,6,http://www.ariva.de/quote/historic/historic.csv?secu=3173&boerse_id=6&clean_split=1&clean_payout=1&clean_bezug=1&min_time=2000-01-01&max_time=2019-07-12&trenner=%3B&go=Download,"[{'url': 'http://www.ariva.de/quote/historic/historic.csv?secu=3173&boerse_id=6&clean_split=1&clean_payout=1&clean_bezug=1&min_time=2000-01-01&max_time=2019-07-12&trenner=%3B&go=Download', 'path': 'isin_DE0005501357.csv', 'checksum': '880231aa571da1944b5950430c2d822e'}]",1946,Printmedien (Zeitungen und Magazine),DE0005501357,30.10.2000,Medien/Entertainment/Freizeit,axel_springer-aktie,Inlandsaktie,SPR
100266587,Deutschland,6,http://www.ariva.de/quote/historic/historic.csv?secu=100266587&boerse_id=6&clean_split=1&clean_payout=1&clean_bezug=1&min_time=2000-01-01&max_time=2019-07-12&trenner=%3B&go=Download,"[{'url': 'http://www.ariva.de/quote/historic/historic.csv?secu=100266587&boerse_id=6&clean_split=1&clean_payout=1&clean_bezug=1&min_time=2000-01-01&max_time=2019-07-12&trenner=%3B&go=Download', 'path': 'isin_DE000A0TGJ55.csv', 'checksum': '297bfbbe3d6865c546525a34ab8cfa0a'}]",0,Elektrotechnologie,DE000A0TGJ55,02.12.2016,Technologie,varta-aktie,Inlandsaktie,VAR1
100292957,Deutschland,6,http://www.ariva.de/quote/historic/historic.csv?secu=100292957&boerse_id=6&clean_split=1&clean_payout=1&clean_bezug=1&min_time=2000-01-01&max_time=2019-07-12&trenner=%3B&go=Download,"[{'url': 'http://www.ariva.de/quote/historic/historic.csv?secu=100292957&boerse_id=6&clean_split=1&clean_payout=1&clean_bezug=1&min_time=2000-01-01&max_time=2019-07-12&trenner=%3B&go=Download', 'path': 'isin_DE0006001902.csv', 'checksum': 'd903be61d0938aa926aa516cca4f3093'}]",1997,Holdings,DE0006001902,-,Diverse,ringmetall-aktie,Inlandsaktie,HP3
2104,Deutschland,6,http://www.ariva.de/quote/historic/historic.csv?secu=2104&boerse_id=6&clean_split=1&clean_payout=1&clean_bezug=1&min_time=2000-01-01&max_time=2019-07-12&trenner=%3B&go=Download,"[{'url': 'http://www.ariva.de/quote/historic/historic.csv?secu=2104&boerse_id=6&clean_split=1&clean_payout=1&clean_bezug=1&min_time=2000-01-01&max_time=2019-07-12&trenner=%3B&go=Download', 'path': 'isin_DE0006766504.csv', 'checksum': '95b06b30a44b993e56f364d5641e6e4c'}]",1866,Rohstoffe,DE0006766504,07.07.1998,Energie/Rohstoffe,aurubis-aktie,Inlandsaktie,NDA
1229,Deutschland,6,http://www.ariva.de/quote/historic/historic.csv?secu=1229&boerse_id=6&clean_split=1&clean_payout=1&clean_bezug=1&min_time=2000-01-01&max_time=2019-07-12&trenner=%3B&go=Download,"[{'url': 'http://www.ariva.de/quote/historic/historic.csv?secu=1229&boerse_id=6&clean_split=1&clean_payout=1&clean_bezug=1&min_time=2000-01-01&max_time=2019-07-12&trenner=%3B&go=Download', 'path': 'isin_DE000A2GS633.csv', 'checksum': '92a055b6df00a6ea3e340a7358422cbd'}]",1977,IT-Dienstleistungen,DE000A2GS633,11.07.2000,Informationstechnologie,allgeier-aktie,Inlandsaktie,AEIN
266,Deutschland,6,http://www.ariva.de/quote/historic/historic.csv?secu=266&boerse_id=6&clean_split=1&clean_payout=1&clean_bezug=1&min_time=2000-01-01&max_time=2019-07-12&trenner=%3B&go=Download,"[{'url': 'http://www.ariva.de/quote/historic/historic.csv?secu=266&boerse_id=6&clean_split=1&clean_payout=1&clean_bezug=1&min_time=2000-01-01&max_time=2019-07-12&trenner=%3B&go=Download', 'path': 'isin_DE0005089031.csv', 'checksum': '9804c3b9397fcc924706963aefe433d0'}]",1988,Holdings,DE0005089031,23.03.1998,Diverse,united_internet-aktie,Inlandsaktie,UTDI
83,Deutschland,6,http://www.ariva.de/quote/historic/historic.csv?secu=83&boerse_id=6&clean_split=1&clean_payout=1&clean_bezug=1&min_time=2000-01-01&max_time=2019-07-12&trenner=%3B&go=Download,"[{'url': 'http://www.ariva.de/quote/historic/historic.csv?secu=83&boerse_id=6&clean_split=1&clean_payout=1&clean_bezug=1&min_time=2000-01-01&max_time=2019-07-12&trenner=%3B&go=Download', 'path': 'isin_DE0005545503.csv', 'checksum': 'e8809929a2b2723376fc56338e81c3fe'}]",1982,Telekomdienstleister,DE0005545503,22.04.1998,Telekommunikation,1-1_drillisch-aktie,Inlandsaktie,DRI
106411513,Deutschland,6,http://www.ariva.de/quote/historic/historic.csv?secu=106411513&boerse_id=6&clean_split=1&clean_payout=1&clean_bezug=1&min_time=2000-01-01&max_time=2019-07-12&trenner=%3B&go=Download,"[{'url': 'http://www.ariva.de/quote/historic/historic.csv?secu=106411513&boerse_id=6&clean_split=1&clean_payout=1&clean_bezug=1&min_time=2000-01-01&max_time=2019-07-12&trenner=%3B&go=Download', 'path': 'isin_DE000A1K03W5.csv', 'checksum': 'f8c0f632739c05be264280cb950e0d1b'}]",2011,Holdings,DE000A1K03W5,-,Diverse,staramba-aktie,Inlandsaktie,99SC
133018432,,6,http://www.ariva.de/quote/historic/historic.csv?secu=133018432&boerse_id=6&clean_split=1&clean_payout=1&clean_bezug=1&min_time=2000-01-01&max_time=2019-07-12&trenner=%3B&go=Download,"[{'url': 'http://www.ariva.de/quote/historic/historic.csv?secu=133018432&boerse_id=6&clean_split=1&clean_payout=1&clean_bezug=1&min_time=2000-01-01&max_time=2019-07-12&trenner=%3B&go=Download', 'path': 'isin_DE000A1X3WF3.csv', 'checksum': '32d38070f8d8ff6c5539279c231729bc'}]",,,DE000A1X3WF3,,,philion_se_o-n-aktie,,
133542223,Deutschland,6,http://www.ariva.de/quote/historic/historic.csv?secu=133542223&boerse_id=6&clean_split=1&clean_payout=1&clean_bezug=1&min_time=2000-01-01&max_time=2019-07-12&trenner=%3B&go=Download,"[{'url': 'http://www.ariva.de/quote/historic/historic.csv?secu=133542223&boerse_id=6&clean_split=1&clean_payout=1&clean_bezug=1&min_time=2000-01-01&max_time=2019-07-12&trenner=%3B&go=Download', 'path': 'isin_DE000A2GS5D8.csv', 'checksum': '01c0178f341de4b575e5fddb418310fa'}]",1991,Pharma,DE000A2GS5D8,09.02.2018,Chemie/Pharma,dermapharm_holding-aktie,Inlandsaktie,DMP
108302059,Deutschland,6,http://www.ariva.de/quote/historic/historic.csv?secu=108302059&boerse_id=6&clean_split=1&clean_payout=1&clean_bezug=1&min_time=2000-01-01&max_time=2019-07-12&trenner=%3B&go=Download,"[{'url': 'http://www.ariva.de/quote/historic/historic.csv?secu=108302059&boerse_id=6&clean_split=1&clean_payout=1&clean_bezug=1&min_time=2000-01-01&max_time=2019-07-12&trenner=%3B&go=Download', 'path': 'isin_DE000LTT0243.csv', 'checksum': '44dba35c3e236008500579978bfc695d'}]",0,Sport/Glückspiel,DE000LTT0243,03.07.2012,Medien/Entertainment/Freizeit,lotto24-aktie,Inlandsaktie,LO24
135835673,,58,http://www.ariva.de/quote/historic/historic.csv?secu=135835673&boerse_id=58&clean_split=1&clean_payout=1&clean_bezug=1&min_time=2000-01-01&max_time=2019-07-12&trenner=%3B&go=Download,"[{'url': 'http://www.ariva.de/quote/historic/historic.csv?secu=135835673&boerse_id=58&clean_split=1&clean_payout=1&clean_bezug=1&min_time=2000-01-01&max_time=2019-07-12&trenner=%3B&go=Download', 'path': 'isin_CH0367465439.csv', 'checksum': 'ddb058db0985f05ffb9acc47e5cab0bb'}]",,,CH0367465439,,,resaphene_suisse_ag-aktie,,
103616513,Österreich,5,http://www.ariva.de/quote/historic/historic.csv?secu=103616513&boerse_id=5&clean_split=1&clean_payout=1&clean_bezug=1&min_time=2000-01-01&max_time=2019-07-12&trenner=%3B&go=Download,"[{'url': 'http://www.ariva.de/quote/historic/historic.csv?secu=103616513&boerse_id=5&clean_split=1&clean_payout=1&clean_bezug=1&min_time=2000-01-01&max_time=2019-07-12&trenner=%3B&go=Download', 'path': 'isin_AT0000A0K1J1.csv', 'checksum': 'c21562f921151a5a64736e4bc279a0b6'}]",1990,Finanzdienstleistungen,AT0000A0K1J1,19.11.2010,Finanzsektor,autobank-aktie,Auslandsaktie,AW2
112674,Deutschland,6,http://www.ariva.de/quote/historic/historic.csv?secu=112674&boerse_id=6&clean_split=1&clean_payout=1&clean_bezug=1&min_time=2000-01-01&max_time=2019-07-12&trenner=%3B&go=Download,"[{'url': 'http://www.ariva.de/quote/historic/historic.csv?secu=112674&boerse_id=6&clean_split=1&clean_payout=1&clean_bezug=1&min_time=2000-01-01&max_time=2019-07-12&trenner=%3B&go=Download', 'path': 'isin_DE000A1X3XX4.csv', 'checksum': '0495fb6a1778f3507820bd564754f515'}]",1998,Immobilien,DE000A1X3XX4,20.12.2003,Diverse,dic_asset-aktie,Inlandsaktie,DIC
121111330,Deutschland,6,http://www.ariva.de/quote/historic/historic.csv?secu=121111330&boerse_id=6&clean_split=1&clean_payout=1&clean_bezug=1&min_time=2000-01-01&max_time=2019-07-12&trenner=%3B&go=Download,"[{'url': 'http://www.ariva.de/quote/historic/historic.csv?secu=121111330&boerse_id=6&clean_split=1&clean_payout=1&clean_bezug=1&min_time=2000-01-01&max_time=2019-07-12&trenner=%3B&go=Download', 'path': 'isin_DE000A11Q059.csv', 'checksum': '66fde576cb051885d04ed00587813e67'}]",2008,Einzelhandel,DE000A11Q059,03.07.2015,Handel,elumeo_se-aktie,Inlandsaktie,ELB
132841755,Deutschland,6,http://www.ariva.de/quote/historic/historic.csv?secu=132841755&boerse_id=6&clean_split=1&clean_payout=1&clean_bezug=1&min_time=2000-01-01&max_time=2019-07-12&trenner=%3B&go=Download,"[{'url': 'http://www.ariva.de/quote/historic/historic.csv?secu=132841755&boerse_id=6&clean_split=1&clean_payout=1&clean_bezug=1&min_time=2000-01-01&max_time=2019-07-12&trenner=%3B&go=Download', 'path': 'isin_DE000A2G9LL1.csv', 'checksum': '27ef7e4eabb03a044ca6ce2d3541793e'}]",2014,Immobilien,DE000A2G9LL1,-,Diverse,deutsche_industrie_reit-aktie,Inlandsaktie,JB7
4842,Deutschland,6,http://www.ariva.de/quote/historic/historic.csv?secu=4842&boerse_id=6&clean_split=1&clean_payout=1&clean_bezug=1&min_time=2000-01-01&max_time=2019-07-12&trenner=%3B&go=Download,"[{'url': 'http://www.ariva.de/quote/historic/historic.csv?secu=4842&boerse_id=6&clean_split=1&clean_payout=1&clean_bezug=1&min_time=2000-01-01&max_time=2019-07-12&trenner=%3B&go=Download', 'path': 'isin_DE000A2NBTL2.csv', 'checksum': '8deb80da79dd7a116046621e12686e73'}]",1929,Eisenbahn und Straße,DE000A2NBTL2,02.07.2008,Transport/Verkehrssektor,schaltbau_holding_na_o-n-aktie,Inlandsaktie,SLT
3123,Deutschland,1,http://www.ariva.de/quote/historic/historic.csv?secu=3123&boerse_id=1&clean_split=1&clean_payout=1&clean_bezug=1&min_time=2000-01-01&max_time=2019-07-12&trenner=%3B&go=Download,"[{'url': 'http://www.ariva.de/quote/historic/historic.csv?secu=3123&boerse_id=1&clean_split=1&clean_payout=1&clean_bezug=1&min_time=2000-01-01&max_time=2019-07-12&trenner=%3B&go=Download', 'path': 'isin_DE0007239402.csv', 'checksum': '3591fb8a877497386fe3c9137c9ddbf2'}]",1857,Kunststoffe,DE0007239402,-,Industrie,simona-aktie,Inlandsaktie,SIM
100076810,Deutschland,0,http://www.ariva.de/quote/historic/historic.csv?secu=100076810&boerse_id=0&clean_split=1&clean_payout=1&clean_bezug=1&min_time=2000-01-01&max_time=2019-07-12&trenner=%3B&go=Download,"[{'url': 'http://www.ariva.de/quote/historic/historic.csv?secu=100076810&boerse_id=0&clean_split=1&clean_payout=1&clean_bezug=1&min_time=2000-01-01&max_time=2019-07-12&trenner=%3B&go=Download', 'path': 'isin_DE000A2TSL22.csv', 'checksum': '358f09c45469c76d6a25a1ed069c0aa3'}]",0,Sonstige Branchen,DE000A2TSL22,-,Diverse,oti_greentech-aktie,Inlandsaktie,NSAK
100532411,Deutschland,131,http://www.ariva.de/quote/historic/historic.csv?secu=100532411&boerse_id=131&clean_split=1&clean_payout=1&clean_bezug=1&min_time=2000-01-01&max_time=2019-07-12&trenner=%3B&go=Download,"[{'url': 'http://www.ariva.de/quote/historic/historic.csv?secu=100532411&boerse_id=131&clean_split=1&clean_payout=1&clean_bezug=1&min_time=2000-01-01&max_time=2019-07-12&trenner=%3B&go=Download', 'path': 'isin_DE000A0LBFE4.csv', 'checksum': 'b44993c22eba22428579127eea952a24'}]",1998,Spezialsoftware,DE000A0LBFE4,16.11.2007,Software,mevis_medical_solutions-aktie,Inlandsaktie,M3V
141494054,,17,http://www.ariva.de/quote/historic/historic.csv?secu=141494054&boerse_id=17&clean_split=1&clean_payout=1&clean_bezug=1&min_time=2000-01-01&max_time=2019-07-12&trenner=%3B&go=Download,"[{'url': 'http://www.ariva.de/quote/historic/historic.csv?secu=141494054&boerse_id=17&clean_split=1&clean_payout=1&clean_bezug=1&min_time=2000-01-01&max_time=2019-07-12&trenner=%3B&go=Download', 'path': 'isin_DK0061111739.csv', 'checksum': 'e5ffee7feabaec5ceb99a9750771e6f8'}]",,,DK0061111739,,,abacus_medicine-aktie,,
227,Deutschland,6,http://www.ariva.de/quote/historic/historic.csv?secu=227&boerse_id=6&clean_split=1&clean_payout=1&clean_bezug=1&min_time=2000-01-01&max_time=2019-07-12&trenner=%3B&go=Download,"[{'url': 'http://www.ariva.de/quote/historic/historic.csv?secu=227&boerse_id=6&clean_split=1&clean_payout=1&clean_bezug=1&min_time=2000-01-01&max_time=2019-07-12&trenner=%3B&go=Download', 'path': 'isin_DE0007201907.csv', 'checksum': 'fc4dab4f760e69327890b8385aef21d5'}]",1991,Halbleiterindustrie,DE0007201907,15.07.1999,Technologie,first_sensor-aktie,Inlandsaktie,SIS
100558910,Deutschland,6,http://www.ariva.de/quote/historic/historic.csv?secu=100558910&boerse_id=6&clean_split=1&clean_payout=1&clean_bezug=1&min_time=2000-01-01&max_time=2019-07-12&trenner=%3B&go=Download,"[{'url': 'http://www.ariva.de/quote/historic/historic.csv?secu=100558910&boerse_id=6&clean_split=1&clean_payout=1&clean_bezug=1&min_time=2000-01-01&max_time=2019-07-12&trenner=%3B&go=Download', 'path': 'isin_DE0007830572.csv', 'checksum': '208201da92922b94dbbaeb1b110fef66'}]",0,Diversifizierte Industrieunternehmen,DE0007830572,30.11.2007,Industrie,daldrup-soehne-aktie,Inlandsaktie,4DS
138,Deutschland,6,http://www.ariva.de/quote/historic/historic.csv?secu=138&boerse_id=6&clean_split=1&clean_payout=1&clean_bezug=1&min_time=2000-01-01&max_time=2019-07-12&trenner=%3B&go=Download,"[{'url': 'http://www.ariva.de/quote/historic/historic.csv?secu=138&boerse_id=6&clean_split=1&clean_payout=1&clean_bezug=1&min_time=2000-01-01&max_time=2019-07-12&trenner=%3B&go=Download', 'path': 'isin_DE0005488100.csv', 'checksum': 'cdb3cd850132dc7ffae9e9609c3c1a4b'}]",1997,Spezialsoftware,DE0005488100,20.04.2000,Software,isra_vision-aktie,Inlandsaktie,ISR
134462439,Schweiz,123,http://www.ariva.de/quote/historic/historic.csv?secu=134462439&boerse_id=123&clean_split=1&clean_payout=1&clean_bezug=1&min_time=2000-01-01&max_time=2019-07-12&trenner=%3B&go=Download,"[{'url': 'http://www.ariva.de/quote/historic/historic.csv?secu=134462439&boerse_id=123&clean_split=1&clean_payout=1&clean_bezug=1&min_time=2000-01-01&max_time=2019-07-12&trenner=%3B&go=Download', 'path': 'isin_CH0386200239.csv', 'checksum': 'ffd91b84f4063dc95ed51eb959c9e314'}]",1997,Medical Equipment,CH0386200239,23.03.2018,Gesundheitswesen,medartis-aktie,Auslandsaktie,1RU
131612114,,0,http://www.ariva.de/quote/historic/historic.csv?secu=131612114&boerse_id=0&clean_split=1&clean_payout=1&clean_bezug=1&min_time=2000-01-01&max_time=2019-07-12&trenner=%3B&go=Download,"[{'url': 'http://www.ariva.de/quote/historic/historic.csv?secu=131612114&boerse_id=0&clean_split=1&clean_payout=1&clean_bezug=1&min_time=2000-01-01&max_time=2019-07-12&trenner=%3B&go=Download', 'path': 'isin_DE000A19MDV0.csv', 'checksum': 'de15a3f5bb7f9083215e2ecd1c2c582d'}]",,,DE000A19MDV0,,,DE000A19MDV0,,
2341,Deutschland,6,http://www.ariva.de/quote/historic/historic.csv?secu=2341&boerse_id=6&clean_split=1&clean_payout=1&clean_bezug=1&min_time=2000-01-01&max_time=2019-07-12&trenner=%3B&go=Download,"[{'url': 'http://www.ariva.de/quote/historic/historic.csv?secu=2341&boerse_id=6&clean_split=1&clean_payout=1&clean_bezug=1&min_time=2000-01-01&max_time=2019-07-12&trenner=%3B&go=Download', 'path': 'isin_DE0006095003.csv', 'checksum': '69a187be1668eac0884bbf406e9edd4b'}]",1996,Energieversorger,DE0006095003,28.07.1998,Versorger,encavis-aktie,Inlandsaktie,CAP
9278,Österreich,58,http://www.ariva.de/quote/historic/historic.csv?secu=9278&boerse_id=58&clean_split=1&clean_payout=1&clean_bezug=1&min_time=2000-01-01&max_time=2019-07-12&trenner=%3B&go=Download,"[{'url': 'http://www.ariva.de/quote/historic/historic.csv?secu=9278&boerse_id=58&clean_split=1&clean_payout=1&clean_bezug=1&min_time=2000-01-01&max_time=2019-07-12&trenner=%3B&go=Download', 'path': 'isin_AT0000818802.csv', 'checksum': '617af7b89358b72873cbfd56f823e405'}]",1981,Restaurants und Foodvertrieb,AT0000818802,30.06.1998,Konsumgüter,do-co_rest--catering-aktie,Auslandsaktie,DOQ
6226,Deutschland,6,http://www.ariva.de/quote/historic/historic.csv?secu=6226&boerse_id=6&clean_split=1&clean_payout=1&clean_bezug=1&min_time=2000-01-01&max_time=2019-07-12&trenner=%3B&go=Download,"[{'url': 'http://www.ariva.de/quote/historic/historic.csv?secu=6226&boerse_id=6&clean_split=1&clean_payout=1&clean_bezug=1&min_time=2000-01-01&max_time=2019-07-12&trenner=%3B&go=Download', 'path': 'isin_DE0005654933.csv', 'checksum': '7357ad59ec71c74e3eda11c60e78054a'}]",1964,Sonstige Konsumgüter,DE0005654933,-,Konsumgüter,einhell_germany-aktie,Inlandsaktie,EIN3
133796377,Deutschland,6,http://www.ariva.de/quote/historic/historic.csv?secu=133796377&boerse_id=6&clean_split=1&clean_payout=1&clean_bezug=1&min_time=2000-01-01&max_time=2019-07-12&trenner=%3B&go=Download,"[{'url': 'http://www.ariva.de/quote/historic/historic.csv?secu=133796377&boerse_id=6&clean_split=1&clean_payout=1&clean_bezug=1&min_time=2000-01-01&max_time=2019-07-12&trenner=%3B&go=Download', 'path': 'isin_DE000A2G9MZ9.csv', 'checksum': '3ab057e251c6bd569658380b2d00386e'}]",0,Sonstige Technologie,DE000A2G9MZ9,-,Technologie,stemmer_imaging-aktie,Inlandsaktie,S9I
210,Deutschland,6,http://www.ariva.de/quote/historic/historic.csv?secu=210&boerse_id=6&clean_split=1&clean_payout=1&clean_bezug=1&min_time=2000-01-01&max_time=2019-07-12&trenner=%3B&go=Download,"[{'url': 'http://www.ariva.de/quote/historic/historic.csv?secu=210&boerse_id=6&clean_split=1&clean_payout=1&clean_bezug=1&min_time=2000-01-01&max_time=2019-07-12&trenner=%3B&go=Download', 'path': 'isin_DE0005137004.csv', 'checksum': 'e72f6ef78c1f66e17413b76e1ad0589b'}]",1997,Telekommunikationsausrüster,DE0005137004,19.04.2000,Telekommunikation,qsc-aktie,Inlandsaktie,QSC
6,Deutschland,131,http://www.ariva.de/quote/historic/historic.csv?secu=6&boerse_id=131&clean_split=1&clean_payout=1&clean_bezug=1&min_time=2000-01-01&max_time=2019-07-12&trenner=%3B&go=Download,"[{'url': 'http://www.ariva.de/quote/historic/historic.csv?secu=6&boerse_id=131&clean_split=1&clean_payout=1&clean_bezug=1&min_time=2000-01-01&max_time=2019-07-12&trenner=%3B&go=Download', 'path': 'isin_DE0005066609.csv', 'checksum': '78d82f01920da14ef67d6265e0a9d2e8'}]",1990,Biotechnologie,DE0005066609,10.05.1999,Chemie/Pharma,aap_implantate-aktie,Inlandsaktie,AAQ
3805,Deutschland,6,http://www.ariva.de/quote/historic/historic.csv?secu=3805&boerse_id=6&clean_split=1&clean_payout=1&clean_bezug=1&min_time=2000-01-01&max_time=2019-07-12&trenner=%3B&go=Download,"[{'url': 'http://www.ariva.de/quote/historic/historic.csv?secu=3805&boerse_id=6&clean_split=1&clean_payout=1&clean_bezug=1&min_time=2000-01-01&max_time=2019-07-12&trenner=%3B&go=Download', 'path': 'isin_DE0005194062.csv', 'checksum': 'c5e69773b7a057ff5ac5f0023c284528'}]",1923,Sonstige Handel,DE0005194062,-,Handel,baywa-aktie,Inlandsaktie,BYW6
98,Deutschland,6,http://www.ariva.de/quote/historic/historic.csv?secu=98&boerse_id=6&clean_split=1&clean_payout=1&clean_bezug=1&min_time=2000-01-01&max_time=2019-07-12&trenner=%3B&go=Download,"[{'url': 'http://www.ariva.de/quote/historic/historic.csv?secu=98&boerse_id=6&clean_split=1&clean_payout=1&clean_bezug=1&min_time=2000-01-01&max_time=2019-07-12&trenner=%3B&go=Download', 'path': 'isin_DE0005664809.csv', 'checksum': 'bd522a9400855680e7e92f2005321dc7'}]",1993,Biotechnologie,DE0005664809,10.11.1999,Chemie/Pharma,evotec-aktie,Inlandsaktie,EVT
127235334,Deutschland,6,http://www.ariva.de/quote/historic/historic.csv?secu=127235334&boerse_id=6&clean_split=1&clean_payout=1&clean_bezug=1&min_time=2000-01-01&max_time=2019-07-12&trenner=%3B&go=Download,"[{'url': 'http://www.ariva.de/quote/historic/historic.csv?secu=127235334&boerse_id=6&clean_split=1&clean_payout=1&clean_bezug=1&min_time=2000-01-01&max_time=2019-07-12&trenner=%3B&go=Download', 'path': 'isin_DE000UNSE018.csv', 'checksum': 'fc44e38f3fc240b10d9bb02f077cd881'}]",2016,Energieversorger,DE000UNSE018,12.09.2016,Versorger,uniper-aktie,Inlandsaktie,UN01
133708103,,1,http://www.ariva.de/quote/historic/historic.csv?secu=133708103&boerse_id=1&clean_split=1&clean_payout=1&clean_bezug=1&min_time=2000-01-01&max_time=2019-07-12&trenner=%3B&go=Download,"[{'url': 'http://www.ariva.de/quote/historic/historic.csv?secu=133708103&boerse_id=1&clean_split=1&clean_payout=1&clean_bezug=1&min_time=2000-01-01&max_time=2019-07-12&trenner=%3B&go=Download', 'path': 'isin_DE000A2GSWR1.csv', 'checksum': '1b0db31bd16659f9356d0343ea9c596f'}]",,,DE000A2GSWR1,,,de_raj_group_ag-aktie,,
193,Deutschland,6,http://www.ariva.de/quote/historic/historic.csv?secu=193&boerse_id=6&clean_split=1&clean_payout=1&clean_bezug=1&min_time=2000-01-01&max_time=2019-07-12&trenner=%3B&go=Download,"[{'url': 'http://www.ariva.de/quote/historic/historic.csv?secu=193&boerse_id=6&clean_split=1&clean_payout=1&clean_bezug=1&min_time=2000-01-01&max_time=2019-07-12&trenner=%3B&go=Download', 'path': 'isin_DE0006916604.csv', 'checksum': 'f408d546d311c673dab5feb55dc2e3d7'}]",1890,Sonstige Technologie,DE0006916604,15.04.1996,Technologie,pfeiffer_vacuum-aktie,Inlandsaktie,PFV
3299,Deutschland,131,http://www.ariva.de/quote/historic/historic.csv?secu=3299&boerse_id=131&clean_split=1&clean_payout=1&clean_bezug=1&min_time=2000-01-01&max_time=2019-07-12&trenner=%3B&go=Download,"[{'url': 'http://www.ariva.de/quote/historic/historic.csv?secu=3299&boerse_id=131&clean_split=1&clean_payout=1&clean_bezug=1&min_time=2000-01-01&max_time=2019-07-12&trenner=%3B&go=Download', 'path': 'isin_DE000A0Z2Y48.csv', 'checksum': '16b521f36458190ecb81f514f42f8566'}]",1991,Immobilien,DE000A0Z2Y48,09.11.2009,Diverse,verianos_real_estate-aktie,Inlandsaktie,VROS
791455,Deutschland,6,http://www.ariva.de/quote/historic/historic.csv?secu=791455&boerse_id=6&clean_split=1&clean_payout=1&clean_bezug=1&min_time=2000-01-01&max_time=2019-07-12&trenner=%3B&go=Download,"[{'url': 'http://www.ariva.de/quote/historic/historic.csv?secu=791455&boerse_id=6&clean_split=1&clean_payout=1&clean_bezug=1&min_time=2000-01-01&max_time=2019-07-12&trenner=%3B&go=Download', 'path': 'isin_DE000A12UP29.csv', 'checksum': 'ab621c794fe73a886a8f8de655f00c03'}]",1995,Finanzdienstleistungen,DE000A12UP29,28.10.2005,Finanzsektor,lloyd_fonds-aktie,Inlandsaktie,L1OA
130319,Deutschland,1,http://www.ariva.de/quote/historic/historic.csv?secu=130319&boerse_id=1&clean_split=1&clean_payout=1&clean_bezug=1&min_time=2000-01-01&max_time=2019-07-12&trenner=%3B&go=Download,"[{'url': 'http://www.ariva.de/quote/historic/historic.csv?secu=130319&boerse_id=1&clean_split=1&clean_payout=1&clean_bezug=1&min_time=2000-01-01&max_time=2019-07-12&trenner=%3B&go=Download', 'path': 'isin_DE000A2E3772.csv', 'checksum': '0276a7f45d3a5d16ed324feed0e44669'}]",1997,Internetkommerz,DE000A2E3772,02.07.1999,Informationstechnologie,sleepz-aktie,Inlandsaktie,BTBB
231,Deutschland,131,http://www.ariva.de/quote/historic/historic.csv?secu=231&boerse_id=131&clean_split=1&clean_payout=1&clean_bezug=1&min_time=2000-01-01&max_time=2019-07-12&trenner=%3B&go=Download,"[{'url': 'http://www.ariva.de/quote/historic/historic.csv?secu=231&boerse_id=131&clean_split=1&clean_payout=1&clean_bezug=1&min_time=2000-01-01&max_time=2019-07-12&trenner=%3B&go=Download', 'path': 'isin_DE0005178008.csv', 'checksum': '6890b2b2cb094886b224f69275fb246c'}]",1979,Elektrotechnologie,DE0005178008,16.05.2000,Technologie,softing-aktie,Inlandsaktie,SYT
100391820,Deutschland,6,http://www.ariva.de/quote/historic/historic.csv?secu=100391820&boerse_id=6&clean_split=1&clean_payout=1&clean_bezug=1&min_time=2000-01-01&max_time=2019-07-12&trenner=%3B&go=Download,"[{'url': 'http://www.ariva.de/quote/historic/historic.csv?secu=100391820&boerse_id=6&clean_split=1&clean_payout=1&clean_bezug=1&min_time=2000-01-01&max_time=2019-07-12&trenner=%3B&go=Download', 'path': 'isin_DE0005493365.csv', 'checksum': '7c38e0ec937599050eb19f6d8178b96c'}]",1999,Finanzdienstleistungen,DE0005493365,29.10.2007,Finanzsektor,hypoport-aktie,Inlandsaktie,HYQ
112337051,Deutschland,6,http://www.ariva.de/quote/historic/historic.csv?secu=112337051&boerse_id=6&clean_split=1&clean_payout=1&clean_bezug=1&min_time=2000-01-01&max_time=2019-07-12&trenner=%3B&go=Download,"[{'url': 'http://www.ariva.de/quote/historic/historic.csv?secu=112337051&boerse_id=6&clean_split=1&clean_payout=1&clean_bezug=1&min_time=2000-01-01&max_time=2019-07-12&trenner=%3B&go=Download', 'path': 'isin_DE000A1ML7J1.csv', 'checksum': 'aa80b1b8a52562e6e8878ed640ebd564'}]",1998,Immobilien,DE000A1ML7J1,11.07.2013,Diverse,vonovia-aktie,Inlandsaktie,VNA
101237305,Deutschland,1,http://www.ariva.de/quote/historic/historic.csv?secu=101237305&boerse_id=1&clean_split=1&clean_payout=1&clean_bezug=1&min_time=2000-01-01&max_time=2019-07-12&trenner=%3B&go=Download,"[{'url': 'http://www.ariva.de/quote/historic/historic.csv?secu=101237305&boerse_id=1&clean_split=1&clean_payout=1&clean_bezug=1&min_time=2000-01-01&max_time=2019-07-12&trenner=%3B&go=Download', 'path': 'isin_DE000A0WMJQ4.csv', 'checksum': '3d7559420764f0b7a9b33806323bf19d'}]",2012,Biotechnologie,DE000A0WMJQ4,-,Chemie/Pharma,elanix_biotechnologies-aktie,Inlandsaktie,ELN
1753,Deutschland,6,http://www.ariva.de/quote/historic/historic.csv?secu=1753&boerse_id=6&clean_split=1&clean_payout=1&clean_bezug=1&min_time=2000-01-01&max_time=2019-07-12&trenner=%3B&go=Download,"[{'url': 'http://www.ariva.de/quote/historic/historic.csv?secu=1753&boerse_id=6&clean_split=1&clean_payout=1&clean_bezug=1&min_time=2000-01-01&max_time=2019-07-12&trenner=%3B&go=Download', 'path': 'isin_DE0007664039.csv', 'checksum': '9c6512e40ec3b005fd6c38a7c4061d7b'}]",1938,Automobilproduktion,DE0007664039,15.08.1961,Kraftfahrzeugindustrie,volkswagen_vz-aktie,Inlandsaktie,VOW3
319,Deutschland,6,http://www.ariva.de/quote/historic/historic.csv?secu=319&boerse_id=6&clean_split=1&clean_payout=1&clean_bezug=1&min_time=2000-01-01&max_time=2019-07-12&trenner=%3B&go=Download,"[{'url': 'http://www.ariva.de/quote/historic/historic.csv?secu=319&boerse_id=6&clean_split=1&clean_payout=1&clean_bezug=1&min_time=2000-01-01&max_time=2019-07-12&trenner=%3B&go=Download', 'path': 'isin_DE0007500001.csv', 'checksum': '00cd059bd2a7379370520e585cbe04ab'}]",1999,Eisen/Stahlindustrie,DE0007500001,25.03.1999,Industrie,thyssenkrupp-aktie,Inlandsaktie,TKA
1061,Deutschland,6,http://www.ariva.de/quote/historic/historic.csv?secu=1061&boerse_id=6&clean_split=1&clean_payout=1&clean_bezug=1&min_time=2000-01-01&max_time=2019-07-12&trenner=%3B&go=Download,"[{'url': 'http://www.ariva.de/quote/historic/historic.csv?secu=1061&boerse_id=6&clean_split=1&clean_payout=1&clean_bezug=1&min_time=2000-01-01&max_time=2019-07-12&trenner=%3B&go=Download', 'path': 'isin_DE0007314007.csv', 'checksum': 'e0d64941c7aab4575b02b12c08547452'}]",1850,Spezialmaschinenbau,DE0007314007,08.12.1997,Industrie,heidelberger_druckmaschinen-aktie,Inlandsaktie,HDD
1465,Deutschland,6,http://www.ariva.de/quote/historic/historic.csv?secu=1465&boerse_id=6&clean_split=1&clean_payout=1&clean_bezug=1&min_time=2000-01-01&max_time=2019-07-12&trenner=%3B&go=Download,"[{'url': 'http://www.ariva.de/quote/historic/historic.csv?secu=1465&boerse_id=6&clean_split=1&clean_payout=1&clean_bezug=1&min_time=2000-01-01&max_time=2019-07-12&trenner=%3B&go=Download', 'path': 'isin_DE0007203705.csv', 'checksum': '835f7d51013f9f4653c6d1d813d6219c'}]",1994,IT-Dienstleistungen,DE0007203705,03.04.2000,Informationstechnologie,snp_schneider-neureither-partner_se-aktie,Inlandsaktie,SHF
267,Deutschland,6,http://www.ariva.de/quote/historic/historic.csv?secu=267&boerse_id=6&clean_split=1&clean_payout=1&clean_bezug=1&min_time=2000-01-01&max_time=2019-07-12&trenner=%3B&go=Download,"[{'url': 'http://www.ariva.de/quote/historic/historic.csv?secu=267&boerse_id=6&clean_split=1&clean_payout=1&clean_bezug=1&min_time=2000-01-01&max_time=2019-07-12&trenner=%3B&go=Download', 'path': 'isin_DE0005489561.csv', 'checksum': 'f789a5c08b2a0219074611277edff6c2'}]",1991,Entertainment/Dienstleistungen,DE0005489561,10.05.2000,Medien/Entertainment/Freizeit,united_labels-aktie,Inlandsaktie,ULC
2723,Deutschland,6,http://www.ariva.de/quote/historic/historic.csv?secu=2723&boerse_id=6&clean_split=1&clean_payout=1&clean_bezug=1&min_time=2000-01-01&max_time=2019-07-12&trenner=%3B&go=Download,"[{'url': 'http://www.ariva.de/quote/historic/historic.csv?secu=2723&boerse_id=6&clean_split=1&clean_payout=1&clean_bezug=1&min_time=2000-01-01&max_time=2019-07-12&trenner=%3B&go=Download', 'path': 'isin_DE0005493092.csv', 'checksum': '840b604fe5d083ad38ea3234b2eebd1c'}]",1909,Sport/Glückspiel,DE0005493092,31.10.2000,Medien/Entertainment/Freizeit,borussia_dortmund-aktie,Inlandsaktie,BVB
1932,Deutschland,6,http://www.ariva.de/quote/historic/historic.csv?secu=1932&boerse_id=6&clean_split=1&clean_payout=1&clean_bezug=1&min_time=2000-01-01&max_time=2019-07-12&trenner=%3B&go=Download,"[{'url': 'http://www.ariva.de/quote/historic/historic.csv?secu=1932&boerse_id=6&clean_split=1&clean_payout=1&clean_bezug=1&min_time=2000-01-01&max_time=2019-07-12&trenner=%3B&go=Download', 'path': 'isin_DE0005200000.csv', 'checksum': 'b99702192bcbdf6e5a97c81d7e3e6306'}]",1882,Drogerie und Kosmetikgüter,DE0005200000,01.01.1929,Konsumgüter,beiersdorf-aktie,Inlandsaktie,BEI
103116148,Deutschland,6,http://www.ariva.de/quote/historic/historic.csv?secu=103116148&boerse_id=6&clean_split=1&clean_payout=1&clean_bezug=1&min_time=2000-01-01&max_time=2019-07-12&trenner=%3B&go=Download,"[{'url': 'http://www.ariva.de/quote/historic/historic.csv?secu=103116148&boerse_id=6&clean_split=1&clean_payout=1&clean_bezug=1&min_time=2000-01-01&max_time=2019-07-12&trenner=%3B&go=Download', 'path': 'isin_DE000A0XYG76.csv', 'checksum': 'c083f925aae4a446e658c9f8e83c3afa'}]",0,Rohstoffe,DE000A0XYG76,-,Energie/Rohstoffe,deutsche_rohstoff-aktie,Inlandsaktie,DR0
1197,Deutschland,6,http://www.ariva.de/quote/historic/historic.csv?secu=1197&boerse_id=6&clean_split=1&clean_payout=1&clean_bezug=1&min_time=2000-01-01&max_time=2019-07-12&trenner=%3B&go=Download,"[{'url': 'http://www.ariva.de/quote/historic/historic.csv?secu=1197&boerse_id=6&clean_split=1&clean_payout=1&clean_bezug=1&min_time=2000-01-01&max_time=2019-07-12&trenner=%3B&go=Download', 'path': 'isin_DE0005498901.csv', 'checksum': '762613b15b631372e6ec54cc31c4b3c4'}]",1972,Computer-Hardware,DE0005498901,28.11.1989,Technologie,data_modul-aktie,Inlandsaktie,DAM
137342054,Deutschland,6,http://www.ariva.de/quote/historic/historic.csv?secu=137342054&boerse_id=6&clean_split=1&clean_payout=1&clean_bezug=1&min_time=2000-01-01&max_time=2019-07-12&trenner=%3B&go=Download,"[{'url': 'http://www.ariva.de/quote/historic/historic.csv?secu=137342054&boerse_id=6&clean_split=1&clean_payout=1&clean_bezug=1&min_time=2000-01-01&max_time=2019-07-12&trenner=%3B&go=Download', 'path': 'isin_DE000A2N4H07.csv', 'checksum': 'b3b7dc93ab966421b3f1d7f2107fb883'}]",2011,Internetkommerz,DE000A2N4H07,09.10.2018,Informationstechnologie,westwing_group_ag-aktie,Inlandsaktie,WEW
209,Niederlande,6,http://www.ariva.de/quote/historic/historic.csv?secu=209&boerse_id=6&clean_split=1&clean_payout=1&clean_bezug=1&min_time=2000-01-01&max_time=2019-07-12&trenner=%3B&go=Download,"[{'url': 'http://www.ariva.de/quote/historic/historic.csv?secu=209&boerse_id=6&clean_split=1&clean_payout=1&clean_bezug=1&min_time=2000-01-01&max_time=2019-07-12&trenner=%3B&go=Download', 'path': 'isin_NL0012169213.csv', 'checksum': '1debaed1c9a6f7e9f263079eff799980'}]",1984,Biotechnologie,NL0012169213,25.09.1997,Chemie/Pharma,qiagen-aktie,Auslandsaktie,QIA
101308360,Deutschland,6,http://www.ariva.de/quote/historic/historic.csv?secu=101308360&boerse_id=6&clean_split=1&clean_payout=1&clean_bezug=1&min_time=2000-01-01&max_time=2019-07-12&trenner=%3B&go=Download,"[{'url': 'http://www.ariva.de/quote/historic/historic.csv?secu=101308360&boerse_id=6&clean_split=1&clean_payout=1&clean_bezug=1&min_time=2000-01-01&max_time=2019-07-12&trenner=%3B&go=Download', 'path': 'isin_DE000A0XYGA7.csv', 'checksum': '9d796655bc7a09d23534850e4386140a'}]",1970,Sonstige Technologie,DE000A0XYGA7,10.03.1998,Technologie,technotrans_se-aktie,Inlandsaktie,TTR1
258626,Deutschland,6,http://www.ariva.de/quote/historic/historic.csv?secu=258626&boerse_id=6&clean_split=1&clean_payout=1&clean_bezug=1&min_time=2000-01-01&max_time=2019-07-12&trenner=%3B&go=Download,"[{'url': 'http://www.ariva.de/quote/historic/historic.csv?secu=258626&boerse_id=6&clean_split=1&clean_payout=1&clean_bezug=1&min_time=2000-01-01&max_time=2019-07-12&trenner=%3B&go=Download', 'path': 'isin_DE000A11QW50.csv', 'checksum': '2e1a86a62ed1ceb55bc28d48dcf01108'}]",1998,Pharma,DE000A11QW50,19.07.2004,Chemie/Pharma,epigenomics-aktie,Inlandsaktie,ECX
100030983,Deutschland,6,http://www.ariva.de/quote/historic/historic.csv?secu=100030983&boerse_id=6&clean_split=1&clean_payout=1&clean_bezug=1&min_time=2000-01-01&max_time=2019-07-12&trenner=%3B&go=Download,"[{'url': 'http://www.ariva.de/quote/historic/historic.csv?secu=100030983&boerse_id=6&clean_split=1&clean_payout=1&clean_bezug=1&min_time=2000-01-01&max_time=2019-07-12&trenner=%3B&go=Download', 'path': 'isin_DE000A0JL9W6.csv', 'checksum': '6250e395ad19f0a35017bcc6e27f5238'}]",2006,Öl und Gas,DE000A0JL9W6,16.10.2006,Energie/Rohstoffe,verbio_vereinigte_bioenergie-aktie,Inlandsaktie,VBK
223,Deutschland,6,http://www.ariva.de/quote/historic/historic.csv?secu=223&boerse_id=6&clean_split=1&clean_payout=1&clean_bezug=1&min_time=2000-01-01&max_time=2019-07-12&trenner=%3B&go=Download,"[{'url': 'http://www.ariva.de/quote/historic/historic.csv?secu=223&boerse_id=6&clean_split=1&clean_payout=1&clean_bezug=1&min_time=2000-01-01&max_time=2019-07-12&trenner=%3B&go=Download', 'path': 'isin_DE0007276503.csv', 'checksum': '3b5a54a46c2f951917606d99a537f5b6'}]",1995,IT-Software (Telekommunikation und Internet),DE0007276503,09.11.1999,Software,secunet_security_networks-aktie,Inlandsaktie,YSN
318,Deutschland,6,http://www.ariva.de/quote/historic/historic.csv?secu=318&boerse_id=6&clean_split=1&clean_payout=1&clean_bezug=1&min_time=2000-01-01&max_time=2019-07-12&trenner=%3B&go=Download,"[{'url': 'http://www.ariva.de/quote/historic/historic.csv?secu=318&boerse_id=6&clean_split=1&clean_payout=1&clean_bezug=1&min_time=2000-01-01&max_time=2019-07-12&trenner=%3B&go=Download', 'path': 'isin_DE0007236101.csv', 'checksum': 'b07799cca89bf1f21af75195dc652b8f'}]",1847,Elektrotechnologie,DE0007236101,08.03.1899,Technologie,siemens-aktie,Inlandsaktie,SIE
9,Deutschland,6,http://www.ariva.de/quote/historic/historic.csv?secu=9&boerse_id=6&clean_split=1&clean_payout=1&clean_bezug=1&min_time=2000-01-01&max_time=2019-07-12&trenner=%3B&go=Download,"[{'url': 'http://www.ariva.de/quote/historic/historic.csv?secu=9&boerse_id=6&clean_split=1&clean_payout=1&clean_bezug=1&min_time=2000-01-01&max_time=2019-07-12&trenner=%3B&go=Download', 'path': 'isin_DE0005110001.csv', 'checksum': '2313d5e9ce4066ed9041e9e4c08e1ac0'}]",1959,IT-Dienstleistungen,DE0005110001,30.11.1998,Informationstechnologie,all_for_one_steeb-aktie,Inlandsaktie,A1OS
